,Condition,Variety,Type,Frequency
0,Nat,US,High,24
1,Nat,US,Mid,21
2,Nat,US,Low,8
3,Sty,CAN,High,7
4,Sty,CAN,Mid,6
5,Sty,CAN,Low,1
6,Nat,CAN,High,12
7,Nat,CAN,Mid,6
8,Nat,CAN,Low,3
9,Sty,UK,High,12
10,Sty,UK,Mid,7
11,Sty,UK,Low,0
12,Nat,UK,High,16
13,Nat,UK,Mid,1
14,Nat,UK,Low,2
18,Par,US,High,11
19,Par,US,Mid,9
20,Par,US,Low,8
21,Nat,US,High,5
22,Nat,US,Mid,6
23,Nat,US,Low,6
24,Phr,UK,High,4
25,Phr,UK,Mid,1
26,Phr,UK,Low,1
27,Nat,UK,High,13
28,Nat,UK,Mid,9
29,Nat,UK,Low,4
30,Nat,NZ,High,31
31,Nat,NZ,Mid,13
32,Nat,NZ,Low,4
36,Par,US,High,13
37,Par,US,Mid,4
38,Par,US,Low,3
39,Nat,US,High,6
40,Nat,US,Mid,3
41,Nat,US,Low,0
42,Sty,UK,High,23
43,Sty,UK,Mid,6
44,Sty,UK,Low,3
45,Nat,UK,High,19
46,Nat,UK,Mid,13
47,Nat,UK,Low,3
48,Nat,UK,High,24
49,Nat,UK,Mid,8
50,Nat,UK,Low,9
51,Nat,UK,High,35
52,Nat,UK,Mid,17
53,Nat,UK,Low,8
54,Nat,AUS,High,34
55,Nat,AUS,Mid,15
56,Nat,AUS,Low,3
57,Phr,US,High,19
58,Phr,US,Mid,8
59,Phr,US,Low,2
60,Nat,US,High,14
61,Nat,US,Mid,3
62,Nat,US,Low,1
63,Phr,UK,High,17
64,Phr,UK,Mid,9
65,Phr,UK,Low,8
66,Nat,UK,High,15
67,Nat,UK,Mid,15
68,Nat,UK,Low,3
69,Nat,UK,High,26
70,Nat,UK,Mid,11
71,Nat,UK,Low,5
72,Sty,UK,High,6
73,Sty,UK,Mid,21
74,Sty,UK,Low,2
75,Nat,UK,High,32
76,Nat,UK,Mid,11
77,Nat,UK,Low,11
78,Sty,US,High,17
79,Sty,US,Mid,5
80,Sty,US,Low,3
81,Nat,US,High,6
82,Nat,US,Mid,1
83,Nat,US,Low,3
84,Par,US,High,10
85,Par,US,Mid,8
86,Par,US,Low,4
87,Nat,US,High,8
88,Nat,US,Mid,6
89,Nat,US,Low,6
90,Nat,US,High,39
91,Nat,US,Mid,21
92,Nat,US,Low,4
93,Phr,AUS,High,25
94,Phr,AUS,Mid,14
95,Phr,AUS,Low,7
96,Nat,AUS,High,5
97,Nat,AUS,Mid,17
98,Nat,AUS,Low,11
99,Nat,UK,High,41
100,Nat,UK,Mid,13
101,Nat,UK,Low,5
105,Par,UK,High,20
106,Par,UK,Mid,10
107,Par,UK,Low,1
108,Nat,UK,High,14
109,Nat,UK,Mid,10
110,Nat,UK,Low,3
111,Sty,AUS,High,7
112,Sty,AUS,Mid,12
113,Sty,AUS,Low,3
114,Nat,AUS,High,7
115,Nat,AUS,Mid,6
116,Nat,AUS,Low,1
117,Sty,US,High,11
118,Sty,US,Mid,5
119,Sty,US,Low,2
120,Nat,US,High,10
121,Nat,US,Mid,8
122,Nat,US,Low,3
123,Sty,US,High,13
124,Sty,US,Mid,5
125,Sty,US,Low,0
126,Nat,US,High,9
127,Nat,US,Mid,3
128,Nat,US,Low,1
129,Nat,CAN,High,18
130,Nat,CAN,Mid,7
131,Nat,CAN,Low,9
132,Phr,UK,High,12
133,Phr,UK,Mid,2
134,Phr,UK,Low,13
135,Nat,UK,High,17
136,Nat,UK,Mid,6
137,Nat,UK,Low,12
141,Par,UK,High,10
142,Par,UK,Mid,10
143,Par,UK,Low,8
144,Nat,UK,High,7
145,Nat,UK,Mid,2
146,Nat,UK,Low,3
150,Par,UK,High,10
151,Par,UK,Mid,6
152,Par,UK,Low,5
153,Nat,UK,High,6
154,Nat,UK,Mid,5
155,Nat,UK,Low,6
159,Par,UK,High,11
160,Par,UK,Mid,6
161,Par,UK,Low,3
162,Nat,UK,High,17
163,Nat,UK,Mid,1
164,Nat,UK,Low,2
168,Par,US,High,21
169,Par,US,Mid,5
170,Par,US,Low,1
171,Nat,US,High,9
172,Nat,US,Mid,4
173,Nat,US,Low,4
174,Sty,UK,High,7
175,Sty,UK,Mid,4
176,Sty,UK,Low,5
177,Nat,UK,High,10
178,Nat,UK,Mid,4
179,Nat,UK,Low,3
180,Sty,UK,High,10
181,Sty,UK,Mid,4
182,Sty,UK,Low,2
183,Nat,UK,High,11
184,Nat,UK,Mid,11
185,Nat,UK,Low,1
186,Sty,UK,High,16
187,Sty,UK,Mid,4
188,Sty,UK,Low,2
189,Nat,UK,High,8
190,Nat,UK,Mid,1
191,Nat,UK,Low,1
192,Nat,US,High,34
193,Nat,US,Mid,16
194,Nat,US,Low,5
195,Phr,UK,High,21
196,Phr,UK,Mid,8
197,Phr,UK,Low,11
198,Nat,UK,High,15
199,Nat,UK,Mid,6
200,Nat,UK,Low,3
201,Phr,AUS,High,9
202,Phr,AUS,Mid,10
203,Phr,AUS,Low,3
204,Nat,AUS,High,15
205,Nat,AUS,Mid,12
206,Nat,AUS,Low,2
207,Nat,UK,High,34
208,Nat,UK,Mid,17
209,Nat,UK,Low,10
213,Par,US,High,16
214,Par,US,Mid,6
215,Par,US,Low,4
216,Nat,US,High,10
217,Nat,US,Mid,5
218,Nat,US,Low,2
219,Phr,UK,High,8
220,Phr,UK,Mid,3
221,Phr,UK,Low,2
222,Nat,UK,High,4
223,Nat,UK,Mid,3
224,Nat,UK,Low,2
225,Sty,AUS,High,13
226,Sty,AUS,Mid,7
227,Sty,AUS,Low,2
228,Nat,AUS,High,12
229,Nat,AUS,Mid,15
230,Nat,AUS,Low,4
231,Nat,US,High,28
232,Nat,US,Mid,18
233,Nat,US,Low,5
234,Nat,AUS,High,28
235,Nat,AUS,Mid,6
236,Nat,AUS,Low,8
237,Nat,UK,High,24
238,Nat,UK,Mid,16
239,Nat,UK,Low,8
240,Sty,UK,High,14
241,Sty,UK,Mid,1
242,Sty,UK,Low,4
243,Nat,UK,High,10
244,Nat,UK,Mid,3
245,Nat,UK,Low,1
249,Par,UK,High,19
250,Par,UK,Mid,7
251,Par,UK,Low,4
252,Nat,UK,High,12
253,Nat,UK,Mid,2
254,Nat,UK,Low,4
258,Par,UK,High,10
259,Par,UK,Mid,14
260,Par,UK,Low,6
261,Nat,UK,High,19
262,Nat,UK,Mid,10
263,Nat,UK,Low,1
264,Sty,UK,High,13
265,Sty,UK,Mid,5
266,Sty,UK,Low,6
267,Nat,UK,High,22
268,Nat,UK,Mid,10
269,Nat,UK,Low,1
270,Sty,UK,High,10
271,Sty,UK,Mid,7
272,Sty,UK,Low,5
273,Nat,UK,High,12
274,Nat,UK,Mid,5
275,Nat,UK,Low,6
279,Par,CAN,High,17
280,Par,CAN,Mid,11
281,Par,CAN,Low,3
282,Nat,CAN,High,18
283,Nat,CAN,Mid,12
284,Nat,CAN,Low,1
285,Sty,CAN,High,7
286,Sty,CAN,Mid,10
287,Sty,CAN,Low,3
288,Nat,CAN,High,12
289,Nat,CAN,Mid,8
290,Nat,CAN,Low,1
291,Nat,US,High,39
292,Nat,US,Mid,3
293,Nat,US,Low,7
294,Phr,NZ,High,10
295,Phr,NZ,Mid,3
296,Phr,NZ,Low,7
297,Nat,NZ,High,20
298,Nat,NZ,Mid,5
299,Nat,NZ,Low,8
300,Sty,AUS,High,19
301,Sty,AUS,Mid,5
302,Sty,AUS,Low,5
303,Nat,AUS,High,6
304,Nat,AUS,Mid,7
305,Nat,AUS,Low,5
306,Phr,NZ,High,15
307,Phr,NZ,Mid,10
308,Phr,NZ,Low,4
309,Nat,NZ,High,16
310,Nat,NZ,Mid,7
311,Nat,NZ,Low,4
312,Par,CAN,High,19
313,Par,CAN,Mid,15
314,Par,CAN,Low,0
315,Nat,CAN,High,14
316,Nat,CAN,Mid,4
317,Nat,CAN,Low,5
318,Nat,AUS,High,32
319,Nat,AUS,Mid,22
320,Nat,AUS,Low,1
321,Phr,UK,High,15
322,Phr,UK,Mid,5
323,Phr,UK,Low,4
324,Nat,UK,High,17
325,Nat,UK,Mid,6
326,Nat,UK,Low,1
327,Sty,UK,High,7
328,Sty,UK,Mid,8
329,Sty,UK,Low,3
330,Nat,UK,High,7
331,Nat,UK,Mid,7
332,Nat,UK,Low,3
333,Sty,UK,High,7
334,Sty,UK,Mid,9
335,Sty,UK,Low,2
336,Nat,UK,High,11
337,Nat,UK,Mid,7
338,Nat,UK,Low,6
339,Phr,UK,High,18
340,Phr,UK,Mid,12
341,Phr,UK,Low,4
342,Nat,UK,High,22
343,Nat,UK,Mid,6
344,Nat,UK,Low,3
345,Phr,UK,High,14
346,Phr,UK,Mid,8
347,Phr,UK,Low,5
348,Nat,UK,High,4
349,Nat,UK,Mid,4
350,Nat,UK,Low,2
351,Phr,CAN,High,15
352,Phr,CAN,Mid,5
353,Phr,CAN,Low,2
354,Nat,CAN,High,6
355,Nat,CAN,Mid,14
356,Nat,CAN,Low,3
357,Phr,US,High,18
358,Phr,US,Mid,4
359,Phr,US,Low,1
360,Nat,US,High,13
361,Nat,US,Mid,5
362,Nat,US,Low,1
363,Sty,UK,High,12
364,Sty,UK,Mid,7
365,Sty,UK,Low,6
366,Nat,UK,High,18
367,Nat,UK,Mid,10
368,Nat,UK,Low,3
369,Sty,CAN,High,16
370,Sty,CAN,Mid,4
371,Sty,CAN,Low,2
372,Nat,CAN,High,22
373,Nat,CAN,Mid,7
374,Nat,CAN,Low,3
375,Sty,CAN,High,14
376,Sty,CAN,Mid,2
377,Sty,CAN,Low,4
378,Nat,CAN,High,12
379,Nat,CAN,Mid,7
380,Nat,CAN,Low,2
381,Nat,CAN,High,22
382,Nat,CAN,Mid,10
383,Nat,CAN,Low,4
384,Phr,AUS,High,9
385,Phr,AUS,Mid,6
386,Phr,AUS,Low,2
387,Nat,AUS,High,19
388,Nat,AUS,Mid,9
389,Nat,AUS,Low,2
390,Nat,UK,High,20
391,Nat,UK,Mid,14
392,Nat,UK,Low,7
396,Par,CAN,High,9
397,Par,CAN,Mid,9
398,Par,CAN,Low,5
399,Nat,CAN,High,15
400,Nat,CAN,Mid,4
401,Nat,CAN,Low,4
402,Sty,US,High,9
403,Sty,US,Mid,5
404,Sty,US,Low,2
405,Nat,US,High,6
406,Nat,US,Mid,4
407,Nat,US,Low,4
411,Par,US,High,11
412,Par,US,Mid,9
413,Par,US,Low,9
414,Nat,US,High,9
415,Nat,US,Mid,9
416,Nat,US,Low,1
420,Par,CAN,High,7
421,Par,CAN,Mid,1
422,Par,CAN,Low,6
423,Nat,CAN,High,6
424,Nat,CAN,Mid,2
425,Nat,CAN,Low,3
426,Par,UK,High,8
427,Par,UK,Mid,3
428,Par,UK,Low,3
429,Nat,UK,High,4
430,Nat,UK,Mid,10
431,Nat,UK,Low,1
435,Par,NZ,High,14
436,Par,NZ,Mid,6
437,Par,NZ,Low,7
438,Nat,NZ,High,8
439,Nat,NZ,Mid,8
440,Nat,NZ,Low,7
441,Sty,AUS,High,16
442,Sty,AUS,Mid,3
443,Sty,AUS,Low,7
444,Nat,AUS,High,11
445,Nat,AUS,Mid,6
446,Nat,AUS,Low,0
447,Nat,UK,High,26
448,Nat,UK,Mid,11
449,Nat,UK,Low,4
450,Nat,CAN,High,28
451,Nat,CAN,Mid,7
452,Nat,CAN,Low,3
453,Sty,US,High,5
454,Sty,US,Mid,7
455,Sty,US,Low,4
456,Nat,US,High,4
457,Nat,US,Mid,2
458,Nat,US,Low,4
459,Nat,AUS,High,23
460,Nat,AUS,Mid,11
461,Nat,AUS,Low,1
462,Sty,NZ,High,19
463,Sty,NZ,Mid,14
464,Sty,NZ,Low,3
465,Nat,NZ,High,14
466,Nat,NZ,Mid,8
467,Nat,NZ,Low,4
468,Nat,UK,High,30
469,Nat,UK,Mid,7
470,Nat,UK,Low,7
471,Sty,NZ,High,19
472,Sty,NZ,Mid,7
473,Sty,NZ,Low,4
474,Nat,NZ,High,17
475,Nat,NZ,Mid,3
476,Nat,NZ,Low,4
477,Phr,CAN,High,21
478,Phr,CAN,Mid,1
479,Phr,CAN,Low,2
480,Nat,CAN,High,20
481,Nat,CAN,Mid,1
482,Nat,CAN,Low,5
483,Phr,US,High,12
484,Phr,US,Mid,8
485,Phr,US,Low,1
486,Nat,US,High,8
487,Nat,US,Mid,3
488,Nat,US,Low,17
489,Phr,UK,High,8
490,Phr,UK,Mid,7
491,Phr,UK,Low,1
492,Nat,UK,High,22
493,Nat,UK,Mid,5
494,Nat,UK,Low,3
498,Par,UK,High,7
499,Par,UK,Mid,7
500,Par,UK,Low,4
501,Nat,UK,High,11
502,Nat,UK,Mid,8
503,Nat,UK,Low,2
504,Phr,AUS,High,11
505,Phr,AUS,Mid,6
506,Phr,AUS,Low,3
507,Nat,AUS,High,8
508,Nat,AUS,Mid,2
509,Nat,AUS,Low,5
510,Phr,AUS,High,15
511,Phr,AUS,Mid,9
512,Phr,AUS,Low,5
513,Nat,AUS,High,16
514,Nat,AUS,Mid,7
515,Nat,AUS,Low,2
516,Phr,UK,High,18
517,Phr,UK,Mid,5
518,Phr,UK,Low,0
519,Nat,UK,High,16
520,Nat,UK,Mid,4
521,Nat,UK,Low,4
525,Par,UK,High,16
526,Par,UK,Mid,10
527,Par,UK,Low,9
528,Nat,UK,High,26
529,Nat,UK,Mid,1
530,Nat,UK,Low,1
534,Par,CAN,High,19
535,Par,CAN,Mid,7
536,Par,CAN,Low,4
537,Nat,CAN,High,14
538,Nat,CAN,Mid,5
539,Nat,CAN,Low,9
540,Phr,AUS,High,6
541,Phr,AUS,Mid,12
542,Phr,AUS,Low,5
543,Nat,AUS,High,21
544,Nat,AUS,Mid,9
545,Nat,AUS,Low,1
546,Phr,CAN,High,12
547,Phr,CAN,Mid,10
548,Phr,CAN,Low,4
549,Nat,CAN,High,18
550,Nat,CAN,Mid,18
551,Nat,CAN,Low,2
552,Phr,UK,High,9
553,Phr,UK,Mid,10
554,Phr,UK,Low,4
555,Nat,UK,High,11
556,Nat,UK,Mid,8
557,Nat,UK,Low,1
558,Nat,UK,High,31
559,Nat,UK,Mid,19
560,Nat,UK,Low,4
561,Phr,UK,High,12
562,Phr,UK,Mid,8
563,Phr,UK,Low,0
564,Nat,UK,High,16
565,Nat,UK,Mid,7
566,Nat,UK,Low,2
567,Nat,UK,High,27
568,Nat,UK,Mid,9
569,Nat,UK,Low,12
570,Phr,UK,High,18
571,Phr,UK,Mid,2
572,Phr,UK,Low,2
573,Nat,UK,High,17
574,Nat,UK,Mid,5
575,Nat,UK,Low,3
576,Sty,UK,High,11
577,Sty,UK,Mid,5
578,Sty,UK,Low,2
579,Nat,UK,High,13
580,Nat,UK,Mid,6
581,Nat,UK,Low,1
585,Par,AUS,High,9
586,Par,AUS,Mid,14
587,Par,AUS,Low,5
588,Nat,AUS,High,3
589,Nat,AUS,Mid,1
590,Nat,AUS,Low,7
591,Sty,UK,High,7
592,Sty,UK,Mid,8
593,Sty,UK,Low,2
594,Nat,UK,High,19
595,Nat,UK,Mid,7
596,Nat,UK,Low,6
597,Sty,UK,High,9
598,Sty,UK,Mid,2
599,Sty,UK,Low,1
600,Nat,UK,High,11
601,Nat,UK,Mid,3
602,Nat,UK,Low,5
603,Phr,AUS,High,22
604,Phr,AUS,Mid,10
605,Phr,AUS,Low,7
606,Nat,AUS,High,8
607,Nat,AUS,Mid,6
608,Nat,AUS,Low,0
609,Phr,CAN,High,16
610,Phr,CAN,Mid,11
611,Phr,CAN,Low,3
612,Nat,CAN,High,10
613,Nat,CAN,Mid,4
614,Nat,CAN,Low,1
615,Phr,NZ,High,7
616,Phr,NZ,Mid,1
617,Phr,NZ,Low,3
618,Nat,NZ,High,10
619,Nat,NZ,Mid,2
620,Nat,NZ,Low,3
621,Par,NZ,High,11
622,Par,NZ,Mid,12
623,Par,NZ,Low,1
624,Nat,NZ,High,12
625,Nat,NZ,Mid,7
626,Nat,NZ,Low,2
630,Par,AUS,High,7
631,Par,AUS,Mid,13
632,Par,AUS,Low,4
633,Nat,AUS,High,17
634,Nat,AUS,Mid,8
635,Nat,AUS,Low,5
636,Phr,US,High,3
637,Phr,US,Mid,4
638,Phr,US,Low,3
639,Nat,US,High,12
640,Nat,US,Mid,8
641,Nat,US,Low,0
642,Phr,CAN,High,16
643,Phr,CAN,Mid,6
644,Phr,CAN,Low,4
645,Nat,CAN,High,12
646,Nat,CAN,Mid,4
647,Nat,CAN,Low,1
648,Phr,NZ,High,12
649,Phr,NZ,Mid,4
650,Phr,NZ,Low,1
651,Nat,NZ,High,26
652,Nat,NZ,Mid,10
653,Nat,NZ,Low,2
654,Phr,CAN,High,11
655,Phr,CAN,Mid,6
656,Phr,CAN,Low,7
657,Nat,CAN,High,12
658,Nat,CAN,Mid,12
659,Nat,CAN,Low,2
660,Sty,CAN,High,9
661,Sty,CAN,Mid,8
662,Sty,CAN,Low,2
663,Nat,CAN,High,15
664,Nat,CAN,Mid,4
665,Nat,CAN,Low,2
666,Sty,NZ,High,11
667,Sty,NZ,Mid,12
668,Sty,NZ,Low,1
669,Nat,NZ,High,19
670,Nat,NZ,Mid,5
671,Nat,NZ,Low,4
672,Phr,CAN,High,10
673,Phr,CAN,Mid,4
674,Phr,CAN,Low,4
675,Nat,CAN,High,9
676,Nat,CAN,Mid,8
677,Nat,CAN,Low,2
678,Nat,UK,High,13
679,Nat,UK,Mid,14
680,Nat,UK,Low,2
681,Nat,UK,High,39
682,Nat,UK,Mid,14
683,Nat,UK,Low,9
684,Phr,CAN,High,12
685,Phr,CAN,Mid,10
686,Phr,CAN,Low,1
687,Nat,CAN,High,8
688,Nat,CAN,Mid,9
689,Nat,CAN,Low,2
690,Nat,UK,High,16
691,Nat,UK,Mid,3
692,Nat,UK,Low,1
693,Sty,US,High,19
694,Sty,US,Mid,3
695,Sty,US,Low,2
696,Nat,US,High,12
697,Nat,US,Mid,3
698,Nat,US,Low,8
699,Sty,UK,High,15
700,Sty,UK,Mid,4
701,Sty,UK,Low,0
702,Nat,UK,High,19
703,Nat,UK,Mid,7
704,Nat,UK,Low,2
705,Sty,CAN,High,6
706,Sty,CAN,Mid,8
707,Sty,CAN,Low,2
708,Nat,CAN,High,4
709,Nat,CAN,Mid,11
710,Nat,CAN,Low,3
711,Phr,AUS,High,7
712,Phr,AUS,Mid,4
713,Phr,AUS,Low,8
714,Nat,AUS,High,8
715,Nat,AUS,Mid,4
716,Nat,AUS,Low,4
717,Nat,AUS,High,67
718,Nat,AUS,Mid,19
719,Nat,AUS,Low,14
720,Phr,AUS,High,13
721,Phr,AUS,Mid,11
722,Phr,AUS,Low,0
723,Nat,AUS,High,11
724,Nat,AUS,Mid,5
725,Nat,AUS,Low,2
729,Par,CAN,High,16
730,Par,CAN,Mid,4
731,Par,CAN,Low,0
732,Nat,CAN,High,7
733,Nat,CAN,Mid,1
734,Nat,CAN,Low,6
738,Par,AUS,High,24
739,Par,AUS,Mid,9
740,Par,AUS,Low,4
741,Nat,AUS,High,9
742,Nat,AUS,Mid,4
743,Nat,AUS,Low,1
747,Par,UK,High,22
748,Par,UK,Mid,18
749,Par,UK,Low,13
750,Nat,UK,High,17
751,Nat,UK,Mid,13
752,Nat,UK,Low,3
753,Sty,AUS,High,7
754,Sty,AUS,Mid,9
755,Sty,AUS,Low,5
756,Nat,AUS,High,10
757,Nat,AUS,Mid,26
758,Nat,AUS,Low,4
759,Nat,UK,High,29
760,Nat,UK,Mid,17
761,Nat,UK,Low,5
762,Sty,CAN,High,13
763,Sty,CAN,Mid,10
764,Sty,CAN,Low,9
765,Nat,CAN,High,9
766,Nat,CAN,Mid,3
767,Nat,CAN,Low,1
768,Sty,UK,High,12
769,Sty,UK,Mid,6
770,Sty,UK,Low,1
771,Nat,UK,High,13
772,Nat,UK,Mid,12
773,Nat,UK,Low,4
774,Nat,NZ,High,23
775,Nat,NZ,Mid,12
776,Nat,NZ,Low,4
777,Sty,UK,High,10
778,Sty,UK,Mid,5
779,Sty,UK,Low,4
780,Nat,UK,High,14
781,Nat,UK,Mid,9
782,Nat,UK,Low,1
786,Par,US,High,12
787,Par,US,Mid,9
788,Par,US,Low,4
789,Nat,US,High,14
790,Nat,US,Mid,4
791,Nat,US,Low,2
792,Phr,AUS,High,9
793,Phr,AUS,Mid,2
794,Phr,AUS,Low,2
795,Nat,AUS,High,16
796,Nat,AUS,Mid,8
797,Nat,AUS,Low,3
798,Nat,NZ,High,20
799,Nat,NZ,Mid,13
800,Nat,NZ,Low,1
801,Phr,AUS,High,9
802,Phr,AUS,Mid,0
803,Phr,AUS,Low,5
804,Nat,AUS,High,11
805,Nat,AUS,Mid,2
806,Nat,AUS,Low,6
807,Nat,NZ,High,22
808,Nat,NZ,Mid,7
809,Nat,NZ,Low,9
810,Nat,NZ,High,36
811,Nat,NZ,Mid,24
812,Nat,NZ,Low,7
813,Phr,NZ,High,11
814,Phr,NZ,Mid,6
815,Phr,NZ,Low,1
816,Nat,NZ,High,9
817,Nat,NZ,Mid,8
818,Nat,NZ,Low,0
819,Sty,CAN,High,13
820,Sty,CAN,Mid,6
821,Sty,CAN,Low,6
822,Nat,CAN,High,5
823,Nat,CAN,Mid,16
824,Nat,CAN,Low,0
825,Sty,AUS,High,11
826,Sty,AUS,Mid,13
827,Sty,AUS,Low,3
828,Nat,AUS,High,9
829,Nat,AUS,Mid,6
830,Nat,AUS,Low,3
831,Phr,NZ,High,8
832,Phr,NZ,Mid,5
833,Phr,NZ,Low,0
834,Nat,NZ,High,11
835,Nat,NZ,Mid,4
836,Nat,NZ,Low,5
837,Phr,CAN,High,10
838,Phr,CAN,Mid,6
839,Phr,CAN,Low,1
840,Nat,CAN,High,14
841,Nat,CAN,Mid,10
842,Nat,CAN,Low,1
843,Nat,CAN,High,14
844,Nat,CAN,Mid,10
845,Nat,CAN,Low,3
846,Nat,US,High,21
847,Nat,US,Mid,10
848,Nat,US,Low,7
849,Phr,NZ,High,12
850,Phr,NZ,Mid,2
851,Phr,NZ,Low,6
852,Nat,NZ,High,12
853,Nat,NZ,Mid,4
854,Nat,NZ,Low,8
855,Nat,NZ,High,35
856,Nat,NZ,Mid,16
857,Nat,NZ,Low,7
858,Par,NZ,High,19
859,Par,NZ,Mid,8
860,Par,NZ,Low,3
861,Nat,NZ,High,10
862,Nat,NZ,Mid,7
863,Nat,NZ,Low,3
864,Phr,CAN,High,15
865,Phr,CAN,Mid,9
866,Phr,CAN,Low,0
867,Nat,CAN,High,20
868,Nat,CAN,Mid,7
869,Nat,CAN,Low,6
873,Par,UK,High,12
874,Par,UK,Mid,13
875,Par,UK,Low,6
876,Nat,UK,High,10
877,Nat,UK,Mid,5
878,Nat,UK,Low,4
882,Par,NZ,High,20
883,Par,NZ,Mid,12
884,Par,NZ,Low,4
885,Nat,NZ,High,17
886,Nat,NZ,Mid,13
887,Nat,NZ,Low,4
891,Par,CAN,High,18
892,Par,CAN,Mid,4
893,Par,CAN,Low,4
894,Nat,CAN,High,11
895,Nat,CAN,Mid,6
896,Nat,CAN,Low,1
897,Nat,UK,High,18
898,Nat,UK,Mid,12
899,Nat,UK,Low,3
900,Sty,NZ,High,21
901,Sty,NZ,Mid,4
902,Sty,NZ,Low,1
903,Nat,NZ,High,17
904,Nat,NZ,Mid,11
905,Nat,NZ,Low,4
909,Par,AUS,High,21
910,Par,AUS,Mid,9
911,Par,AUS,Low,2
912,Nat,AUS,High,9
913,Nat,AUS,Mid,9
914,Nat,AUS,Low,5
915,Sty,CAN,High,12
916,Sty,CAN,Mid,9
917,Sty,CAN,Low,0
918,Nat,CAN,High,11
919,Nat,CAN,Mid,6
920,Nat,CAN,Low,2
921,Phr,UK,High,13
922,Phr,UK,Mid,6
923,Phr,UK,Low,5
924,Nat,UK,High,8
925,Nat,UK,Mid,1
926,Nat,UK,Low,6
927,Par,NZ,High,10
928,Par,NZ,Mid,7
929,Par,NZ,Low,1
930,Nat,NZ,High,13
931,Nat,NZ,Mid,15
932,Nat,NZ,Low,4
933,Sty,US,High,7
934,Sty,US,Mid,2
935,Sty,US,Low,3
936,Nat,US,High,22
937,Nat,US,Mid,3
938,Nat,US,Low,3
939,Phr,NZ,High,26
940,Phr,NZ,Mid,5
941,Phr,NZ,Low,5
942,Nat,NZ,High,18
943,Nat,NZ,Mid,2
944,Nat,NZ,Low,5
945,Sty,NZ,High,12
946,Sty,NZ,Mid,3
947,Sty,NZ,Low,6
948,Nat,NZ,High,7
949,Nat,NZ,Mid,1
950,Nat,NZ,Low,5
951,Phr,AUS,High,16
952,Phr,AUS,Mid,6
953,Phr,AUS,Low,4
954,Nat,AUS,High,12
955,Nat,AUS,Mid,5
956,Nat,AUS,Low,0
960,Par,NZ,High,12
961,Par,NZ,Mid,12
962,Par,NZ,Low,6
963,Nat,NZ,High,11
964,Nat,NZ,Mid,3
965,Nat,NZ,Low,7
966,Sty,AUS,High,17
967,Sty,AUS,Mid,6
968,Sty,AUS,Low,5
969,Nat,AUS,High,9
970,Nat,AUS,Mid,8
971,Nat,AUS,Low,4
972,Sty,CAN,High,7
973,Sty,CAN,Mid,6
974,Sty,CAN,Low,2
975,Nat,CAN,High,9
976,Nat,CAN,Mid,6
977,Nat,CAN,Low,3
978,Phr,UK,High,10
979,Phr,UK,Mid,14
980,Phr,UK,Low,3
981,Nat,UK,High,13
982,Nat,UK,Mid,6
983,Nat,UK,Low,3
984,Nat,NZ,High,16
985,Nat,NZ,Mid,10
986,Nat,NZ,Low,5
990,Par,NZ,High,16
991,Par,NZ,Mid,5
992,Par,NZ,Low,2
993,Nat,NZ,High,10
994,Nat,NZ,Mid,6
995,Nat,NZ,Low,3
996,Sty,AUS,High,5
997,Sty,AUS,Mid,7
998,Sty,AUS,Low,4
999,Nat,AUS,High,17
1000,Nat,AUS,Mid,7
1001,Nat,AUS,Low,9
1005,Par,US,High,16
1006,Par,US,Mid,4
1007,Par,US,Low,6
1008,Nat,US,High,14
1009,Nat,US,Mid,3
1010,Nat,US,Low,6
1014,Par,NZ,High,19
1015,Par,NZ,Mid,3
1016,Par,NZ,Low,3
1017,Nat,NZ,High,22
1018,Nat,NZ,Mid,5
1019,Nat,NZ,Low,0
1020,Nat,NZ,High,20
1021,Nat,NZ,Mid,18
1022,Nat,NZ,Low,10
1023,Sty,AUS,High,19
1024,Sty,AUS,Mid,5
1025,Sty,AUS,Low,7
1026,Nat,AUS,High,14
1027,Nat,AUS,Mid,7
1028,Nat,AUS,Low,5
1029,Sty,NZ,High,18
1030,Sty,NZ,Mid,2
1031,Sty,NZ,Low,11
1032,Nat,NZ,High,15
1033,Nat,NZ,Mid,7
1034,Nat,NZ,Low,2
1035,Phr,UK,High,13
1036,Phr,UK,Mid,5
1037,Phr,UK,Low,4
1038,Nat,UK,High,9
1039,Nat,UK,Mid,7
1040,Nat,UK,Low,2
1041,Sty,UK,High,14
1042,Sty,UK,Mid,6
1043,Sty,UK,Low,3
1044,Nat,UK,High,8
1045,Nat,UK,Mid,9
1046,Nat,UK,Low,4
1047,Sty,CAN,High,11
1048,Sty,CAN,Mid,4
1049,Sty,CAN,Low,8
1050,Nat,CAN,High,8
1051,Nat,CAN,Mid,3
1052,Nat,CAN,Low,4
1053,Phr,NZ,High,11
1054,Phr,NZ,Mid,2
1055,Phr,NZ,Low,5
1056,Nat,NZ,High,23
1057,Nat,NZ,Mid,4
1058,Nat,NZ,Low,3
1059,Phr,UK,High,11
1060,Phr,UK,Mid,12
1061,Phr,UK,Low,3
1062,Nat,UK,High,8
1063,Nat,UK,Mid,3
1064,Nat,UK,Low,2
1065,Phr,NZ,High,20
1066,Phr,NZ,Mid,6
1067,Phr,NZ,Low,5
1068,Nat,NZ,High,2
1069,Nat,NZ,Mid,2
1070,Nat,NZ,Low,3
1071,Sty,AUS,High,40
1072,Sty,AUS,Mid,7
1073,Sty,AUS,Low,6
1074,Nat,AUS,High,21
1075,Nat,AUS,Mid,8
1076,Nat,AUS,Low,1
1080,Par,NZ,High,7
1081,Par,NZ,Mid,5
1082,Par,NZ,Low,1
1083,Nat,NZ,High,8
1084,Nat,NZ,Mid,1
1085,Nat,NZ,Low,0
1086,Phr,US,High,11
1087,Phr,US,Mid,3
1088,Phr,US,Low,2
1089,Nat,US,High,13
1090,Nat,US,Mid,7
1091,Nat,US,Low,4
1092,Sty,NZ,High,7
1093,Sty,NZ,Mid,12
1094,Sty,NZ,Low,7
1095,Nat,NZ,High,19
1096,Nat,NZ,Mid,6
1097,Nat,NZ,Low,3
1098,Sty,NZ,High,11
1099,Sty,NZ,Mid,5
1100,Sty,NZ,Low,5
1101,Nat,NZ,High,17
1102,Nat,NZ,Mid,2
1103,Nat,NZ,Low,1
1104,Phr,NZ,High,10
1105,Phr,NZ,Mid,4
1106,Phr,NZ,Low,5
1107,Nat,NZ,High,18
1108,Nat,NZ,Mid,7
1109,Nat,NZ,Low,4
1110,Nat,UK,High,28
1111,Nat,UK,Mid,13
1112,Nat,UK,Low,11
1113,Phr,NZ,High,12
1114,Phr,NZ,Mid,6
1115,Phr,NZ,Low,6
1116,Nat,NZ,High,18
1117,Nat,NZ,Mid,5
1118,Nat,NZ,Low,1
1119,Sty,NZ,High,11
1120,Sty,NZ,Mid,3
1121,Sty,NZ,Low,3
1122,Nat,NZ,High,19
1123,Nat,NZ,Mid,4
1124,Nat,NZ,Low,5
1125,Sty,AUS,High,13
1126,Sty,AUS,Mid,8
1127,Sty,AUS,Low,2
1128,Nat,AUS,High,16
1129,Nat,AUS,Mid,2
1130,Nat,AUS,Low,6
1131,Phr,CAN,High,16
1132,Phr,CAN,Mid,2
1133,Phr,CAN,Low,3
1134,Nat,CAN,High,19
1135,Nat,CAN,Mid,8
1136,Nat,CAN,Low,9
1137,Phr,AUS,High,15
1138,Phr,AUS,Mid,5
1139,Phr,AUS,Low,1
1140,Nat,AUS,High,10
1141,Nat,AUS,Mid,9
1142,Nat,AUS,Low,1
1143,Sty,NZ,High,15
1144,Sty,NZ,Mid,7
1145,Sty,NZ,Low,0
1146,Nat,NZ,High,11
1147,Nat,NZ,Mid,10
1148,Nat,NZ,Low,1
1149,Nat,NZ,High,15
1150,Nat,NZ,Mid,6
1151,Nat,NZ,Low,4
1152,Nat,US,High,23
1153,Nat,US,Mid,11
1154,Nat,US,Low,5
1155,Phr,CAN,High,11
1156,Phr,CAN,Mid,3
1157,Phr,CAN,Low,3
1158,Nat,CAN,High,10
1159,Nat,CAN,Mid,3
1160,Nat,CAN,Low,1
1161,Nat,CAN,High,44
1162,Nat,CAN,Mid,5
1163,Nat,CAN,Low,4
1164,Nat,CAN,High,22
1165,Nat,CAN,Mid,6
1166,Nat,CAN,Low,9
1167,Sty,UK,High,14
1168,Sty,UK,Mid,5
1169,Sty,UK,Low,2
1170,Nat,UK,High,6
1171,Nat,UK,Mid,4
1172,Nat,UK,Low,6
1173,Phr,CAN,High,23
1174,Phr,CAN,Mid,9
1175,Phr,CAN,Low,4
1176,Nat,CAN,High,15
1177,Nat,CAN,Mid,10
1178,Nat,CAN,Low,3
1179,Nat,AUS,High,24
1180,Nat,AUS,Mid,21
1181,Nat,AUS,Low,8
1185,Par,CAN,High,22
1186,Par,CAN,Mid,6
1187,Par,CAN,Low,1
1188,Nat,CAN,High,10
1189,Nat,CAN,Mid,5
1190,Nat,CAN,Low,4
1194,Par,US,High,8
1195,Par,US,Mid,8
1196,Par,US,Low,6
1197,Nat,US,High,11
1198,Nat,US,Mid,3
1199,Nat,US,Low,1
1200,Phr,NZ,High,19
1201,Phr,NZ,Mid,6
1202,Phr,NZ,Low,2
1203,Nat,NZ,High,26
1204,Nat,NZ,Mid,5
1205,Nat,NZ,Low,2
1206,Sty,US,High,15
1207,Sty,US,Mid,9
1208,Sty,US,Low,5
1209,Nat,US,High,8
1210,Nat,US,Mid,7
1211,Nat,US,Low,4
1215,Par,CAN,High,18
1216,Par,CAN,Mid,6
1217,Par,CAN,Low,3
1218,Nat,CAN,High,12
1219,Nat,CAN,Mid,7
1220,Nat,CAN,Low,6
1221,Par,US,High,15
1222,Par,US,Mid,10
1223,Par,US,Low,1
1224,Nat,US,High,21
1225,Nat,US,Mid,8
1226,Nat,US,Low,5
1227,Phr,UK,High,13
1228,Phr,UK,Mid,0
1229,Phr,UK,Low,7
1230,Nat,UK,High,7
1231,Nat,UK,Mid,8
1232,Nat,UK,Low,0
1233,Sty,NZ,High,17
1234,Sty,NZ,Mid,8
1235,Sty,NZ,Low,1
1236,Nat,NZ,High,6
1237,Nat,NZ,Mid,10
1238,Nat,NZ,Low,2
1239,Par,NZ,High,23
1240,Par,NZ,Mid,13
1241,Par,NZ,Low,3
1242,Nat,NZ,High,17
1243,Nat,NZ,Mid,9
1244,Nat,NZ,Low,1
1245,Phr,NZ,High,11
1246,Phr,NZ,Mid,8
1247,Phr,NZ,Low,5
1248,Nat,NZ,High,14
1249,Nat,NZ,Mid,17
1250,Nat,NZ,Low,5
1251,Nat,NZ,High,21
1252,Nat,NZ,Mid,9
1253,Nat,NZ,Low,14
1254,Sty,NZ,High,7
1255,Sty,NZ,Mid,4
1256,Sty,NZ,Low,5
1257,Nat,NZ,High,21
1258,Nat,NZ,Mid,9
1259,Nat,NZ,Low,4
1260,Par,AUS,High,14
1261,Par,AUS,Mid,21
1262,Par,AUS,Low,6
1263,Nat,AUS,High,36
1264,Nat,AUS,Mid,6
1265,Nat,AUS,Low,4
1269,Par,UK,High,10
1270,Par,UK,Mid,11
1271,Par,UK,Low,5
1272,Nat,UK,High,19
1273,Nat,UK,Mid,15
1274,Nat,UK,Low,1
1275,Phr,NZ,High,7
1276,Phr,NZ,Mid,2
1277,Phr,NZ,Low,10
1278,Nat,NZ,High,12
1279,Nat,NZ,Mid,3
1280,Nat,NZ,Low,2
1281,Sty,UK,High,13
1282,Sty,UK,Mid,3
1283,Sty,UK,Low,6
1284,Nat,UK,High,7
1285,Nat,UK,Mid,7
1286,Nat,UK,Low,1
1287,Sty,NZ,High,18
1288,Sty,NZ,Mid,4
1289,Sty,NZ,Low,0
1290,Nat,NZ,High,10
1291,Nat,NZ,Mid,7
1292,Nat,NZ,Low,6
1296,Par,UK,High,15
1297,Par,UK,Mid,10
1298,Par,UK,Low,3
1299,Nat,UK,High,21
1300,Nat,UK,Mid,3
1301,Nat,UK,Low,0
1305,Par,UK,High,11
1306,Par,UK,Mid,12
1307,Par,UK,Low,6
1308,Nat,UK,High,19
1309,Nat,UK,Mid,2
1310,Nat,UK,Low,1
1311,Phr,UK,High,13
1312,Phr,UK,Mid,22
1313,Phr,UK,Low,5
1314,Nat,UK,High,11
1315,Nat,UK,Mid,6
1316,Nat,UK,Low,6
1320,Par,US,High,25
1321,Par,US,Mid,8
1322,Par,US,Low,1
1323,Nat,US,High,18
1324,Nat,US,Mid,3
1325,Nat,US,Low,5
1326,Nat,UK,High,21
1327,Nat,UK,Mid,22
1328,Nat,UK,Low,4
1329,Sty,US,High,10
1330,Sty,US,Mid,2
1331,Sty,US,Low,5
1332,Nat,US,High,10
1333,Nat,US,Mid,2
1334,Nat,US,Low,4
1338,Par,US,High,17
1339,Par,US,Mid,15
1340,Par,US,Low,2
1341,Nat,US,High,7
1342,Nat,US,Mid,8
1343,Nat,US,Low,1
1344,Phr,UK,High,5
1345,Phr,UK,Mid,8
1346,Phr,UK,Low,3
1347,Nat,UK,High,9
1348,Nat,UK,Mid,12
1349,Nat,UK,Low,4
1353,Par,UK,High,22
1354,Par,UK,Mid,7
1355,Par,UK,Low,4
1356,Nat,UK,High,13
1357,Nat,UK,Mid,12
1358,Nat,UK,Low,1
1359,Nat,US,High,25
1360,Nat,US,Mid,19
1361,Nat,US,Low,5
1362,Phr,UK,High,12
1363,Phr,UK,Mid,3
1364,Phr,UK,Low,3
1365,Nat,UK,High,11
1366,Nat,UK,Mid,7
1367,Nat,UK,Low,4
1368,Phr,UK,High,9
1369,Phr,UK,Mid,4
1370,Phr,UK,Low,6
1371,Nat,UK,High,4
1372,Nat,UK,Mid,5
1373,Nat,UK,Low,5
1374,Nat,UK,High,34
1375,Nat,UK,Mid,21
1376,Nat,UK,Low,3
1377,Phr,US,High,16
1378,Phr,US,Mid,2
1379,Phr,US,Low,3
1380,Nat,US,High,8
1381,Nat,US,Mid,1
1382,Nat,US,Low,1
1383,Sty,UK,High,10
1384,Sty,UK,Mid,8
1385,Sty,UK,Low,1
1386,Nat,UK,High,12
1387,Nat,UK,Mid,6
1388,Nat,UK,Low,6
1392,Par,AUS,High,28
1393,Par,AUS,Mid,6
1394,Par,AUS,Low,2
1395,Nat,AUS,High,11
1396,Nat,AUS,Mid,2
1397,Nat,AUS,Low,3
1398,Par,AUS,High,23
1399,Par,AUS,Mid,15
1400,Par,AUS,Low,3
1401,Nat,AUS,High,10
1402,Nat,AUS,Mid,4
1403,Nat,AUS,Low,2
1404,Nat,AUS,High,35
1405,Nat,AUS,Mid,10
1406,Nat,AUS,Low,7
1407,Nat,AUS,High,21
1408,Nat,AUS,Mid,16
1409,Nat,AUS,Low,11
1413,Par,AUS,High,9
1414,Par,AUS,Mid,8
1415,Par,AUS,Low,6
1416,Nat,AUS,High,16
1417,Nat,AUS,Mid,8
1418,Nat,AUS,Low,3
1419,Nat,AUS,High,20
1420,Nat,AUS,Mid,8
1421,Nat,AUS,Low,9
1422,Phr,AUS,High,9
1423,Phr,AUS,Mid,7
1424,Phr,AUS,Low,6
1425,Nat,AUS,High,5
1426,Nat,AUS,Mid,8
1427,Nat,AUS,Low,1
1428,Nat,AUS,High,49
1429,Nat,AUS,Mid,27
1430,Nat,AUS,Low,15
1431,Nat,US,High,30
1432,Nat,US,Mid,8
1433,Nat,US,Low,6
1434,Par,AUS,High,13
1435,Par,AUS,Mid,8
1436,Par,AUS,Low,5
1437,Nat,AUS,High,14
1438,Nat,AUS,Mid,8
1439,Nat,AUS,Low,2
1443,Par,AUS,High,13
1444,Par,AUS,Mid,12
1445,Par,AUS,Low,6
1446,Nat,AUS,High,13
1447,Nat,AUS,Mid,13
1448,Nat,AUS,Low,8
1449,Sty,AUS,High,23
1450,Sty,AUS,Mid,5
1451,Sty,AUS,Low,2
1452,Nat,AUS,High,18
1453,Nat,AUS,Mid,7
1454,Nat,AUS,Low,6
1455,Nat,AUS,High,37
1456,Nat,AUS,Mid,6
1457,Nat,AUS,Low,3
1461,Par,UK,High,9
1462,Par,UK,Mid,8
1463,Par,UK,Low,6
1464,Nat,UK,High,15
1465,Nat,UK,Mid,9
1466,Nat,UK,Low,6
1467,Sty,US,High,16
1468,Sty,US,Mid,7
1469,Sty,US,Low,8
1470,Nat,US,High,8
1471,Nat,US,Mid,12
1472,Nat,US,Low,2
1473,Nat,AUS,High,13
1474,Nat,AUS,Mid,10
1475,Nat,AUS,Low,2
1476,Sty,US,High,14
1477,Sty,US,Mid,8
1478,Sty,US,Low,3
1479,Nat,US,High,9
1480,Nat,US,Mid,10
1481,Nat,US,Low,4
1482,Sty,AUS,High,16
1483,Sty,AUS,Mid,6
1484,Sty,AUS,Low,2
1485,Nat,AUS,High,13
1486,Nat,AUS,Mid,4
1487,Nat,AUS,Low,1
1488,Phr,AUS,High,10
1489,Phr,AUS,Mid,5
1490,Phr,AUS,Low,1
1491,Nat,AUS,High,13
1492,Nat,AUS,Mid,6
1493,Nat,AUS,Low,1
1494,Phr,US,High,10
1495,Phr,US,Mid,8
1496,Phr,US,Low,7
1497,Nat,US,High,11
1498,Nat,US,Mid,6
1499,Nat,US,Low,3
1500,Nat,US,High,33
1501,Nat,US,Mid,21
1502,Nat,US,Low,11
1506,Par,AUS,High,20
1507,Par,AUS,Mid,9
1508,Par,AUS,Low,2
1509,Nat,AUS,High,8
1510,Nat,AUS,Mid,15
1511,Nat,AUS,Low,6
1515,Par,AUS,High,16
1516,Par,AUS,Mid,11
1517,Par,AUS,Low,4
1518,Nat,AUS,High,21
1519,Nat,AUS,Mid,10
1520,Nat,AUS,Low,3
1521,Sty,AUS,High,8
1522,Sty,AUS,Mid,8
1523,Sty,AUS,Low,3
1524,Nat,AUS,High,16
1525,Nat,AUS,Mid,5
1526,Nat,AUS,Low,1
1527,Par,US,High,21
1528,Par,US,Mid,19
1529,Par,US,Low,7
1530,Nat,US,High,3
1531,Nat,US,Mid,6
1532,Nat,US,Low,1
1533,Sty,AUS,High,18
1534,Sty,AUS,Mid,7
1535,Sty,AUS,Low,2
1536,Nat,AUS,High,14
1537,Nat,AUS,Mid,9
1538,Nat,AUS,Low,5
1539,Phr,AUS,High,17
1540,Phr,AUS,Mid,4
1541,Phr,AUS,Low,4
1542,Nat,AUS,High,11
1543,Nat,AUS,Mid,11
1544,Nat,AUS,Low,4
1548,Par,AUS,High,10
1549,Par,AUS,Mid,17
1550,Par,AUS,Low,4
1551,Nat,AUS,High,11
1552,Nat,AUS,Mid,14
1553,Nat,AUS,Low,5
1554,Par,UK,High,25
1555,Par,UK,Mid,8
1556,Par,UK,Low,4
1557,Nat,UK,High,10
1558,Nat,UK,Mid,9
1559,Nat,UK,Low,5
1560,Sty,AUS,High,8
1561,Sty,AUS,Mid,6
1562,Sty,AUS,Low,6
1563,Nat,AUS,High,17
1564,Nat,AUS,Mid,4
1565,Nat,AUS,Low,2
1566,Phr,NZ,High,10
1567,Phr,NZ,Mid,11
1568,Phr,NZ,Low,6
1569,Nat,NZ,High,14
1570,Nat,NZ,Mid,3
1571,Nat,NZ,Low,9
1572,Nat,NZ,High,26
1573,Nat,NZ,Mid,10
1574,Nat,NZ,Low,6
1575,Nat,CAN,High,30
1576,Nat,CAN,Mid,21
1577,Nat,CAN,Low,7
1581,Par,US,High,13
1582,Par,US,Mid,8
1583,Par,US,Low,2
1584,Nat,US,High,5
1585,Nat,US,Mid,4
1586,Nat,US,Low,9
1587,Nat,NZ,High,19
1588,Nat,NZ,Mid,10
1589,Nat,NZ,Low,6
1590,Nat,AUS,High,35
1591,Nat,AUS,Mid,22
1592,Nat,AUS,Low,2
1593,Sty,US,High,9
1594,Sty,US,Mid,1
1595,Sty,US,Low,6
1596,Nat,US,High,10
1597,Nat,US,Mid,3
1598,Nat,US,Low,6
1599,Nat,AUS,High,28
1600,Nat,AUS,Mid,7
1601,Nat,AUS,Low,6
1602,Nat,NZ,High,22
1603,Nat,NZ,Mid,12
1604,Nat,NZ,Low,6
1605,Phr,AUS,High,24
1606,Phr,AUS,Mid,8
1607,Phr,AUS,Low,3
1608,Nat,AUS,High,16
1609,Nat,AUS,Mid,4
1610,Nat,AUS,Low,3
1611,Sty,UK,High,17
1612,Sty,UK,Mid,12
1613,Sty,UK,Low,3
1614,Nat,UK,High,12
1615,Nat,UK,Mid,8
1616,Nat,UK,Low,4
1620,Par,CAN,High,20
1621,Par,CAN,Mid,13
1622,Par,CAN,Low,2
1623,Nat,CAN,High,13
1624,Nat,CAN,Mid,6
1625,Nat,CAN,Low,3
1626,Nat,CAN,High,20
1627,Nat,CAN,Mid,14
1628,Nat,CAN,Low,2
1629,Phr,NZ,High,13
1630,Phr,NZ,Mid,6
1631,Phr,NZ,Low,5
1632,Nat,NZ,High,7
1633,Nat,NZ,Mid,4
1634,Nat,NZ,Low,12
1635,Nat,NZ,High,34
1636,Nat,NZ,Mid,13
1637,Nat,NZ,Low,7
1638,Nat,NZ,High,18
1639,Nat,NZ,Mid,19
1640,Nat,NZ,Low,7
1641,Phr,NZ,High,14
1642,Phr,NZ,Mid,8
1643,Phr,NZ,Low,2
1644,Nat,NZ,High,13
1645,Nat,NZ,Mid,6
1646,Nat,NZ,Low,6
1647,Sty,US,High,7
1648,Sty,US,Mid,5
1649,Sty,US,Low,8
1650,Nat,US,High,7
1651,Nat,US,Mid,1
1652,Nat,US,Low,4
1653,Nat,NZ,High,18
1654,Nat,NZ,Mid,14
1655,Nat,NZ,Low,15
1659,Par,NZ,High,14
1660,Par,NZ,Mid,8
1661,Par,NZ,Low,8
1662,Nat,NZ,High,19
1663,Nat,NZ,Mid,4
1664,Nat,NZ,Low,2
1665,Phr,NZ,High,20
1666,Phr,NZ,Mid,6
1667,Phr,NZ,Low,1
1668,Nat,NZ,High,7
1669,Nat,NZ,Mid,6
1670,Nat,NZ,Low,1
1671,Phr,NZ,High,7
1672,Phr,NZ,Mid,5
1673,Phr,NZ,Low,2
1674,Nat,NZ,High,15
1675,Nat,NZ,Mid,2
1676,Nat,NZ,Low,4
1677,Phr,CAN,High,10
1678,Phr,CAN,Mid,9
1679,Phr,CAN,Low,1
1680,Nat,CAN,High,10
1681,Nat,CAN,Mid,4
1682,Nat,CAN,Low,2
1683,Sty,NZ,High,11
1684,Sty,NZ,Mid,5
1685,Sty,NZ,Low,3
1686,Nat,NZ,High,10
1687,Nat,NZ,Mid,6
1688,Nat,NZ,Low,3
1689,Phr,UK,High,20
1690,Phr,UK,Mid,2
1691,Phr,UK,Low,1
1692,Nat,UK,High,15
1693,Nat,UK,Mid,9
1694,Nat,UK,Low,3
1695,Nat,NZ,High,22
1696,Nat,NZ,Mid,13
1697,Nat,NZ,Low,7
1698,Sty,NZ,High,25
1699,Sty,NZ,Mid,1
1700,Sty,NZ,Low,5
1701,Nat,NZ,High,22
1702,Nat,NZ,Mid,6
1703,Nat,NZ,Low,8
1704,Nat,CAN,High,19
1705,Nat,CAN,Mid,12
1706,Nat,CAN,Low,7
1710,Par,NZ,High,20
1711,Par,NZ,Mid,16
1712,Par,NZ,Low,2
1713,Nat,NZ,High,13
1714,Nat,NZ,Mid,10
1715,Nat,NZ,Low,3
1716,Phr,US,High,11
1717,Phr,US,Mid,5
1718,Phr,US,Low,7
1719,Nat,US,High,8
1720,Nat,US,Mid,5
1721,Nat,US,Low,4
1722,Nat,CAN,High,14
1723,Nat,CAN,Mid,7
1724,Nat,CAN,Low,4
1725,Phr,US,High,13
1726,Phr,US,Mid,7
1727,Phr,US,Low,8
1728,Nat,US,High,21
1729,Nat,US,Mid,2
1730,Nat,US,Low,6
1731,Nat,NZ,High,25
1732,Nat,NZ,Mid,9
1733,Nat,NZ,Low,4
1737,Par,NZ,High,15
1738,Par,NZ,Mid,6
1739,Par,NZ,Low,1
1740,Nat,NZ,High,27
1741,Nat,NZ,Mid,5
1742,Nat,NZ,Low,5
1743,Sty,NZ,High,16
1744,Sty,NZ,Mid,18
1745,Sty,NZ,Low,1
1746,Nat,NZ,High,12
1747,Nat,NZ,Mid,6
1748,Nat,NZ,Low,3
1752,Par,CAN,High,12
1753,Par,CAN,Mid,7
1754,Par,CAN,Low,5
1755,Nat,CAN,High,16
1756,Nat,CAN,Mid,6
1757,Nat,CAN,Low,3
1758,Phr,CAN,High,10
1759,Phr,CAN,Mid,5
1760,Phr,CAN,Low,1
1761,Nat,CAN,High,15
1762,Nat,CAN,Mid,1
1763,Nat,CAN,Low,3
1764,Nat,CAN,High,25
1765,Nat,CAN,Mid,21
1766,Nat,CAN,Low,1
1767,Par,NZ,High,17
1768,Par,NZ,Mid,2
1769,Par,NZ,Low,3
1770,Nat,NZ,High,18
1771,Nat,NZ,Mid,7
1772,Nat,NZ,Low,5
1773,Sty,CAN,High,5
1774,Sty,CAN,Mid,4
1775,Sty,CAN,Low,10
1776,Nat,CAN,High,14
1777,Nat,CAN,Mid,7
1778,Nat,CAN,Low,4
1779,Nat,AUS,High,38
1780,Nat,AUS,Mid,17
1781,Nat,AUS,Low,9
1782,Phr,NZ,High,9
1783,Phr,NZ,Mid,2
1784,Phr,NZ,Low,0
1785,Nat,NZ,High,10
1786,Nat,NZ,Mid,4
1787,Nat,NZ,Low,0
1788,Phr,AUS,High,17
1789,Phr,AUS,Mid,6
1790,Phr,AUS,Low,8
1791,Nat,AUS,High,18
1792,Nat,AUS,Mid,11
1793,Nat,AUS,Low,3
1794,Sty,UK,High,10
1795,Sty,UK,Mid,0
1796,Sty,UK,Low,2
1797,Nat,UK,High,14
1798,Nat,UK,Mid,2
1799,Nat,UK,Low,2
1803,Par,AUS,High,28
1804,Par,AUS,Mid,5
1805,Par,AUS,Low,4
1806,Nat,AUS,High,13
1807,Nat,AUS,Mid,8
1808,Nat,AUS,Low,4
1809,Nat,AUS,High,24
1810,Nat,AUS,Mid,8
1811,Nat,AUS,Low,9
1812,Sty,AUS,High,11
1813,Sty,AUS,Mid,0
1814,Sty,AUS,Low,4
1815,Nat,AUS,High,12
1816,Nat,AUS,Mid,6
1817,Nat,AUS,Low,3
1818,Sty,CAN,High,11
1819,Sty,CAN,Mid,8
1820,Sty,CAN,Low,2
1821,Nat,CAN,High,10
1822,Nat,CAN,Mid,6
1823,Nat,CAN,Low,3
1824,Nat,NZ,High,33
1825,Nat,NZ,Mid,14
1826,Nat,NZ,Low,1
1827,Sty,AUS,High,26
1828,Sty,AUS,Mid,11
1829,Sty,AUS,Low,6
1830,Nat,AUS,High,10
1831,Nat,AUS,Mid,5
1832,Nat,AUS,Low,7
1833,Sty,AUS,High,18
1834,Sty,AUS,Mid,9
1835,Sty,AUS,Low,2
1836,Nat,AUS,High,16
1837,Nat,AUS,Mid,5
1838,Nat,AUS,Low,1
1839,Nat,CAN,High,20
1840,Nat,CAN,Mid,16
1841,Nat,CAN,Low,7
1842,Phr,NZ,High,10
1843,Phr,NZ,Mid,12
1844,Phr,NZ,Low,0
1845,Nat,NZ,High,14
1846,Nat,NZ,Mid,4
1847,Nat,NZ,Low,4
1848,Nat,NZ,High,28
1849,Nat,NZ,Mid,10
1850,Nat,NZ,Low,6
1854,Par,AUS,High,15
1855,Par,AUS,Mid,16
1856,Par,AUS,Low,3
1857,Nat,AUS,High,18
1858,Nat,AUS,Mid,10
1859,Nat,AUS,Low,2
1863,Par,CAN,High,12
1864,Par,CAN,Mid,2
1865,Par,CAN,Low,3
1866,Nat,CAN,High,7
1867,Nat,CAN,Mid,5
1868,Nat,CAN,Low,3
1869,Nat,AUS,High,21
1870,Nat,AUS,Mid,22
1871,Nat,AUS,Low,3
1872,Par,AUS,High,22
1873,Par,AUS,Mid,5
1874,Par,AUS,Low,4
1875,Nat,AUS,High,17
1876,Nat,AUS,Mid,13
1877,Nat,AUS,Low,6
1878,Phr,NZ,High,14
1879,Phr,NZ,Mid,3
1880,Phr,NZ,Low,6
1881,Nat,NZ,High,8
1882,Nat,NZ,Mid,8
1883,Nat,NZ,Low,3
1884,Sty,CAN,High,14
1885,Sty,CAN,Mid,10
1886,Sty,CAN,Low,3
1887,Nat,CAN,High,24
1888,Nat,CAN,Mid,5
1889,Nat,CAN,Low,1
1890,Phr,CAN,High,12
1891,Phr,CAN,Mid,11
1892,Phr,CAN,Low,3
1893,Nat,CAN,High,13
1894,Nat,CAN,Mid,8
1895,Nat,CAN,Low,2
1899,Par,CAN,High,20
1900,Par,CAN,Mid,17
1901,Par,CAN,Low,9
1902,Nat,CAN,High,20
1903,Nat,CAN,Mid,8
1904,Nat,CAN,Low,11
1908,Par,NZ,High,22
1909,Par,NZ,Mid,4
1910,Par,NZ,Low,2
1911,Nat,NZ,High,15
1912,Nat,NZ,Mid,1
1913,Nat,NZ,Low,3
1917,Par,AUS,High,11
1918,Par,AUS,Mid,4
1919,Par,AUS,Low,4
1920,Nat,AUS,High,32
1921,Nat,AUS,Mid,9
1922,Nat,AUS,Low,4
1923,Sty,NZ,High,12
1924,Sty,NZ,Mid,3
1925,Sty,NZ,Low,0
1926,Nat,NZ,High,9
1927,Nat,NZ,Mid,4
1928,Nat,NZ,Low,0
1929,Par,AUS,High,25
1930,Par,AUS,Mid,10
1931,Par,AUS,Low,6
1932,Nat,AUS,High,8
1933,Nat,AUS,Mid,6
1934,Nat,AUS,Low,2
1935,Phr,NZ,High,15
1936,Phr,NZ,Mid,5
1937,Phr,NZ,Low,1
1938,Nat,NZ,High,21
1939,Nat,NZ,Mid,11
1940,Nat,NZ,Low,0
1941,Nat,AUS,High,30
1942,Nat,AUS,Mid,13
1943,Nat,AUS,Low,8
1947,Par,CAN,High,11
1948,Par,CAN,Mid,11
1949,Par,CAN,Low,5
1950,Nat,CAN,High,12
1951,Nat,CAN,Mid,1
1952,Nat,CAN,Low,1
1953,Phr,UK,High,10
1954,Phr,UK,Mid,7
1955,Phr,UK,Low,2
1956,Nat,UK,High,11
1957,Nat,UK,Mid,13
1958,Nat,UK,Low,2
1959,Nat,AUS,High,23
1960,Nat,AUS,Mid,7
1961,Nat,AUS,Low,4
1962,Par,NZ,High,14
1963,Par,NZ,Mid,8
1964,Par,NZ,Low,3
1965,Nat,NZ,High,12
1966,Nat,NZ,Mid,7
1967,Nat,NZ,Low,0
1968,Sty,NZ,High,15
1969,Sty,NZ,Mid,4
1970,Sty,NZ,Low,5
1971,Nat,NZ,High,7
1972,Nat,NZ,Mid,5
1973,Nat,NZ,Low,0
1977,Par,AUS,High,12
1978,Par,AUS,Mid,7
1979,Par,AUS,Low,5
1980,Nat,AUS,High,11
1981,Nat,AUS,Mid,1
1982,Nat,AUS,Low,2
1986,Par,NZ,High,15
1987,Par,NZ,Mid,9
1988,Par,NZ,Low,8
1989,Nat,NZ,High,17
1990,Nat,NZ,Mid,8
1991,Nat,NZ,Low,3
1992,Phr,NZ,High,24
1993,Phr,NZ,Mid,10
1994,Phr,NZ,Low,0
1995,Nat,NZ,High,22
1996,Nat,NZ,Mid,6
1997,Nat,NZ,Low,2
1998,Sty,US,High,13
1999,Sty,US,Mid,3
2000,Sty,US,Low,2
2001,Nat,US,High,13
2002,Nat,US,Mid,10
2003,Nat,US,Low,0
2004,Phr,CAN,High,15
2005,Phr,CAN,Mid,4
2006,Phr,CAN,Low,2
2007,Nat,CAN,High,2
2008,Nat,CAN,Mid,2
2009,Nat,CAN,Low,0
2013,Par,CAN,High,22
2014,Par,CAN,Mid,6
2015,Par,CAN,Low,4
2016,Nat,CAN,High,15
2017,Nat,CAN,Mid,8
2018,Nat,CAN,Low,3
2019,Nat,NZ,High,31
2020,Nat,NZ,Mid,15
2021,Nat,NZ,Low,3
2022,Nat,NZ,High,35
2023,Nat,NZ,Mid,21
2024,Nat,NZ,Low,8
2025,Par,CAN,High,26
2026,Par,CAN,Mid,6
2027,Par,CAN,Low,2
2028,Nat,CAN,High,8
2029,Nat,CAN,Mid,4
2030,Nat,CAN,Low,3
2031,Sty,AUS,High,18
2032,Sty,AUS,Mid,4
2033,Sty,AUS,Low,4
2034,Nat,AUS,High,26
2035,Nat,AUS,Mid,5
2036,Nat,AUS,Low,2
2037,Nat,CAN,High,15
2038,Nat,CAN,Mid,8
2039,Nat,CAN,Low,4
2040,Sty,NZ,High,16
2041,Sty,NZ,Mid,12
2042,Sty,NZ,Low,6
2043,Nat,NZ,High,9
2044,Nat,NZ,Mid,5
2045,Nat,NZ,Low,2
2046,Par,CAN,High,30
2047,Par,CAN,Mid,20
2048,Par,CAN,Low,11
2049,Nat,CAN,High,13
2050,Nat,CAN,Mid,1
2051,Nat,CAN,Low,4
2052,Sty,AUS,High,10
2053,Sty,AUS,Mid,9
2054,Sty,AUS,Low,2
2055,Nat,AUS,High,10
2056,Nat,AUS,Mid,7
2057,Nat,AUS,Low,5
2058,Phr,NZ,High,20
2059,Phr,NZ,Mid,6
2060,Phr,NZ,Low,4
2061,Nat,NZ,High,19
2062,Nat,NZ,Mid,10
2063,Nat,NZ,Low,4
2064,Sty,CAN,High,10
2065,Sty,CAN,Mid,4
2066,Sty,CAN,Low,1
2067,Nat,CAN,High,5
2068,Nat,CAN,Mid,5
2069,Nat,CAN,Low,4
2070,Phr,NZ,High,17
2071,Phr,NZ,Mid,5
2072,Phr,NZ,Low,1
2073,Nat,NZ,High,24
2074,Nat,NZ,Mid,3
2075,Nat,NZ,Low,15
2076,Phr,NZ,High,17
2077,Phr,NZ,Mid,7
2078,Phr,NZ,Low,3
2079,Nat,NZ,High,14
2080,Nat,NZ,Mid,9
2081,Nat,NZ,Low,7
2082,Phr,CAN,High,17
2083,Phr,CAN,Mid,8
2084,Phr,CAN,Low,9
2085,Nat,CAN,High,9
2086,Nat,CAN,Mid,8
2087,Nat,CAN,Low,4
2088,Sty,CAN,High,19
2089,Sty,CAN,Mid,7
2090,Sty,CAN,Low,3
2091,Nat,CAN,High,16
2092,Nat,CAN,Mid,2
2093,Nat,CAN,Low,3
2097,Par,NZ,High,18
2098,Par,NZ,Mid,11
2099,Par,NZ,Low,4
2100,Nat,NZ,High,23
2101,Nat,NZ,Mid,15
2102,Nat,NZ,Low,3
2103,Sty,AUS,High,5
2104,Sty,AUS,Mid,3
2105,Sty,AUS,Low,1
2106,Nat,AUS,High,5
2107,Nat,AUS,Mid,5
2108,Nat,AUS,Low,4
2109,Sty,AUS,High,15
2110,Sty,AUS,Mid,3
2111,Sty,AUS,Low,3
2112,Nat,AUS,High,21
2113,Nat,AUS,Mid,2
2114,Nat,AUS,Low,0
2115,Phr,AUS,High,12
2116,Phr,AUS,Mid,3
2117,Phr,AUS,Low,1
2118,Nat,AUS,High,11
2119,Nat,AUS,Mid,4
2120,Nat,AUS,Low,6
2121,Nat,US,High,25
2122,Nat,US,Mid,9
2123,Nat,US,Low,7
2127,Par,NZ,High,19
2128,Par,NZ,Mid,7
2129,Par,NZ,Low,2
2130,Nat,NZ,High,7
2131,Nat,NZ,Mid,5
2132,Nat,NZ,Low,6
2133,Par,AUS,High,19
2134,Par,AUS,Mid,19
2135,Par,AUS,Low,7
2136,Nat,AUS,High,14
2137,Nat,AUS,Mid,11
2138,Nat,AUS,Low,4
2139,Sty,CAN,High,8
2140,Sty,CAN,Mid,1
2141,Sty,CAN,Low,4
2142,Nat,CAN,High,13
2143,Nat,CAN,Mid,4
2144,Nat,CAN,Low,3
2145,Sty,NZ,High,20
2146,Sty,NZ,Mid,15
2147,Sty,NZ,Low,1
2148,Nat,NZ,High,12
2149,Nat,NZ,Mid,8
2150,Nat,NZ,Low,4
2151,Par,NZ,High,9
2152,Par,NZ,Mid,5
2153,Par,NZ,Low,3
2154,Nat,NZ,High,8
2155,Nat,NZ,Mid,6
2156,Nat,NZ,Low,1
2157,Sty,NZ,High,10
2158,Sty,NZ,Mid,4
2159,Sty,NZ,Low,3
2160,Nat,NZ,High,13
2161,Nat,NZ,Mid,4
2162,Nat,NZ,Low,9
2163,Par,AUS,High,13
2164,Par,AUS,Mid,5
2165,Par,AUS,Low,6
2166,Nat,AUS,High,17
2167,Nat,AUS,Mid,7
2168,Nat,AUS,Low,3
2169,Nat,US,High,27
2170,Nat,US,Mid,8
2171,Nat,US,Low,10
2172,Sty,US,High,13
2173,Sty,US,Mid,3
2174,Sty,US,Low,0
2175,Nat,US,High,8
2176,Nat,US,Mid,4
2177,Nat,US,Low,4
2181,Par,US,High,11
2182,Par,US,Mid,9
2183,Par,US,Low,4
2184,Nat,US,High,9
2185,Nat,US,Mid,5
2186,Nat,US,Low,3
2187,Nat,NZ,High,14
2188,Nat,NZ,Mid,7
2189,Nat,NZ,Low,5
2190,Sty,NZ,High,6
2191,Sty,NZ,Mid,5
2192,Sty,NZ,Low,7
2193,Nat,NZ,High,5
2194,Nat,NZ,Mid,10
2195,Nat,NZ,Low,1
2196,Sty,AUS,High,10
2197,Sty,AUS,Mid,10
2198,Sty,AUS,Low,9
2199,Nat,AUS,High,16
2200,Nat,AUS,Mid,9
2201,Nat,AUS,Low,5
2202,Phr,AUS,High,10
2203,Phr,AUS,Mid,4
2204,Phr,AUS,Low,9
2205,Nat,AUS,High,15
2206,Nat,AUS,Mid,9
2207,Nat,AUS,Low,0
2211,Par,AUS,High,8
2212,Par,AUS,Mid,18
2213,Par,AUS,Low,3
2214,Nat,AUS,High,15
2215,Nat,AUS,Mid,11
2216,Nat,AUS,Low,0
2217,Phr,AUS,High,11
2218,Phr,AUS,Mid,5
2219,Phr,AUS,Low,1
2220,Nat,AUS,High,13
2221,Nat,AUS,Mid,3
2222,Nat,AUS,Low,3
2223,Sty,AUS,High,23
2224,Sty,AUS,Mid,8
2225,Sty,AUS,Low,6
2226,Nat,AUS,High,11
2227,Nat,AUS,Mid,4
2228,Nat,AUS,Low,2
2229,Phr,AUS,High,7
2230,Phr,AUS,Mid,3
2231,Phr,AUS,Low,3
2232,Nat,AUS,High,13
2233,Nat,AUS,Mid,8
2234,Nat,AUS,Low,2
2235,Nat,NZ,High,29
2236,Nat,NZ,Mid,18
2237,Nat,NZ,Low,9
2238,Nat,AUS,High,21
2239,Nat,AUS,Mid,11
2240,Nat,AUS,Low,7
2241,Phr,NZ,High,17
2242,Phr,NZ,Mid,6
2243,Phr,NZ,Low,5
2244,Nat,NZ,High,9
2245,Nat,NZ,Mid,8
2246,Nat,NZ,Low,0
2247,Sty,NZ,High,15
2248,Sty,NZ,Mid,13
2249,Sty,NZ,Low,6
2250,Nat,NZ,High,10
2251,Nat,NZ,Mid,2
2252,Nat,NZ,Low,2
2253,Phr,AUS,High,10
2254,Phr,AUS,Mid,2
2255,Phr,AUS,Low,1
2256,Nat,AUS,High,8
2257,Nat,AUS,Mid,3
2258,Nat,AUS,Low,3
2259,Par,NZ,High,11
2260,Par,NZ,Mid,9
2261,Par,NZ,Low,0
2262,Nat,NZ,High,3
2263,Nat,NZ,Mid,2
2264,Nat,NZ,Low,2
2265,Sty,AUS,High,16
2266,Sty,AUS,Mid,7
2267,Sty,AUS,Low,4
2268,Nat,AUS,High,18
2269,Nat,AUS,Mid,8
2270,Nat,AUS,Low,6
2271,Sty,UK,High,14
2272,Sty,UK,Mid,6
2273,Sty,UK,Low,4
2274,Nat,UK,High,23
2275,Nat,UK,Mid,8
2276,Nat,UK,Low,2
2277,Phr,CAN,High,17
2278,Phr,CAN,Mid,8
2279,Phr,CAN,Low,2
2280,Nat,CAN,High,9
2281,Nat,CAN,Mid,5
2282,Nat,CAN,Low,3
2286,Par,AUS,High,16
2287,Par,AUS,Mid,13
2288,Par,AUS,Low,2
2289,Nat,AUS,High,12
2290,Nat,AUS,Mid,8
2291,Nat,AUS,Low,3
2292,Phr,AUS,High,21
2293,Phr,AUS,Mid,3
2294,Phr,AUS,Low,2
2295,Nat,AUS,High,10
2296,Nat,AUS,Mid,7
2297,Nat,AUS,Low,0
2298,Phr,NZ,High,16
2299,Phr,NZ,Mid,7
2300,Phr,NZ,Low,1
2301,Nat,NZ,High,23
2302,Nat,NZ,Mid,7
2303,Nat,NZ,Low,2
2304,Sty,AUS,High,17
2305,Sty,AUS,Mid,3
2306,Sty,AUS,Low,1
2307,Nat,AUS,High,17
2308,Nat,AUS,Mid,4
2309,Nat,AUS,Low,3
2310,Nat,US,High,16
2311,Nat,US,Mid,11
2312,Nat,US,Low,4
2313,Phr,AUS,High,18
2314,Phr,AUS,Mid,5
2315,Phr,AUS,Low,1
2316,Nat,AUS,High,8
2317,Nat,AUS,Mid,3
2318,Nat,AUS,Low,3
2319,Sty,AUS,High,22
2320,Sty,AUS,Mid,7
2321,Sty,AUS,Low,2
2322,Nat,AUS,High,17
2323,Nat,AUS,Mid,4
2324,Nat,AUS,Low,3
2325,Phr,UK,High,11
2326,Phr,UK,Mid,4
2327,Phr,UK,Low,4
2328,Nat,UK,High,6
2329,Nat,UK,Mid,2
2330,Nat,UK,Low,0
2331,Phr,AUS,High,20
2332,Phr,AUS,Mid,6
2333,Phr,AUS,Low,4
2334,Nat,AUS,High,14
2335,Nat,AUS,Mid,8
2336,Nat,AUS,Low,1
2340,Par,CAN,High,12
2341,Par,CAN,Mid,6
2342,Par,CAN,Low,4
2343,Nat,CAN,High,14
2344,Nat,CAN,Mid,8
2345,Nat,CAN,Low,2
2349,Par,NZ,High,13
2350,Par,NZ,Mid,15
2351,Par,NZ,Low,3
2352,Nat,NZ,High,16
2353,Nat,NZ,Mid,7
2354,Nat,NZ,Low,8
2355,Phr,NZ,High,19
2356,Phr,NZ,Mid,10
2357,Phr,NZ,Low,1
2358,Nat,NZ,High,25
2359,Nat,NZ,Mid,8
2360,Nat,NZ,Low,1
2361,Phr,US,High,13
2362,Phr,US,Mid,14
2363,Phr,US,Low,3
2364,Nat,US,High,12
2365,Nat,US,Mid,3
2366,Nat,US,Low,2
2367,Phr,CAN,High,12
2368,Phr,CAN,Mid,9
2369,Phr,CAN,Low,4
2370,Nat,CAN,High,18
2371,Nat,CAN,Mid,8
2372,Nat,CAN,Low,7
2376,Par,NZ,High,20
2377,Par,NZ,Mid,7
2378,Par,NZ,Low,2
2379,Nat,NZ,High,9
2380,Nat,NZ,Mid,4
2381,Nat,NZ,Low,1
2382,Sty,NZ,High,17
2383,Sty,NZ,Mid,12
2384,Sty,NZ,Low,2
2385,Nat,NZ,High,17
2386,Nat,NZ,Mid,5
2387,Nat,NZ,Low,3
2388,Sty,AUS,High,10
2389,Sty,AUS,Mid,4
2390,Sty,AUS,Low,2
2391,Nat,AUS,High,15
2392,Nat,AUS,Mid,7
2393,Nat,AUS,Low,8
2394,Phr,CAN,High,13
2395,Phr,CAN,Mid,10
2396,Phr,CAN,Low,6
2397,Nat,CAN,High,21
2398,Nat,CAN,Mid,12
2399,Nat,CAN,Low,1
2400,Phr,CAN,High,14
2401,Phr,CAN,Mid,7
2402,Phr,CAN,Low,3
2403,Nat,CAN,High,11
2404,Nat,CAN,Mid,10
2405,Nat,CAN,Low,4
2406,Sty,NZ,High,15
2407,Sty,NZ,Mid,4
2408,Sty,NZ,Low,5
2409,Nat,NZ,High,7
2410,Nat,NZ,Mid,1
2411,Nat,NZ,Low,1
2412,Phr,CAN,High,26
2413,Phr,CAN,Mid,7
2414,Phr,CAN,Low,2
2415,Nat,CAN,High,14
2416,Nat,CAN,Mid,12
2417,Nat,CAN,Low,2
2418,Sty,UK,High,14
2419,Sty,UK,Mid,11
2420,Sty,UK,Low,10
2421,Nat,UK,High,14
2422,Nat,UK,Mid,4
2423,Nat,UK,Low,0
2424,Nat,US,High,25
2425,Nat,US,Mid,24
2426,Nat,US,Low,9
2427,Nat,CAN,High,30
2428,Nat,CAN,Mid,18
2429,Nat,CAN,Low,11
2430,Sty,AUS,High,16
2431,Sty,AUS,Mid,7
2432,Sty,AUS,Low,4
2433,Nat,AUS,High,17
2434,Nat,AUS,Mid,2
2435,Nat,AUS,Low,1
2436,Phr,US,High,22
2437,Phr,US,Mid,13
2438,Phr,US,Low,1
2439,Nat,US,High,6
2440,Nat,US,Mid,10
2441,Nat,US,Low,6
2445,Par,NZ,High,11
2446,Par,NZ,Mid,8
2447,Par,NZ,Low,1
2448,Nat,NZ,High,9
2449,Nat,NZ,Mid,2
2450,Nat,NZ,Low,1
2451,Nat,NZ,High,16
2452,Nat,NZ,Mid,15
2453,Nat,NZ,Low,5
2457,Par,NZ,High,10
2458,Par,NZ,Mid,9
2459,Par,NZ,Low,5
2460,Nat,NZ,High,8
2461,Nat,NZ,Mid,7
2462,Nat,NZ,Low,4
2463,Par,US,High,20
2464,Par,US,Mid,8
2465,Par,US,Low,2
2466,Nat,US,High,13
2467,Nat,US,Mid,4
2468,Nat,US,Low,3
2469,Par,US,High,19
2470,Par,US,Mid,6
2471,Par,US,Low,5
2472,Nat,US,High,16
2473,Nat,US,Mid,7
2474,Nat,US,Low,5
2478,Par,UK,High,13
2479,Par,UK,Mid,17
2480,Par,UK,Low,7
2481,Nat,UK,High,16
2482,Nat,UK,Mid,7
2483,Nat,UK,Low,2
2484,Par,AUS,High,11
2485,Par,AUS,Mid,6
2486,Par,AUS,Low,3
2487,Nat,AUS,High,19
2488,Nat,AUS,Mid,9
2489,Nat,AUS,Low,1
2493,Par,AUS,High,30
2494,Par,AUS,Mid,6
2495,Par,AUS,Low,4
2496,Nat,AUS,High,13
2497,Nat,AUS,Mid,6
2498,Nat,AUS,Low,7
2502,Par,NZ,High,16
2503,Par,NZ,Mid,8
2504,Par,NZ,Low,8
2505,Nat,NZ,High,17
2506,Nat,NZ,Mid,9
2507,Nat,NZ,Low,2
2508,Nat,CAN,High,23
2509,Nat,CAN,Mid,20
2510,Nat,CAN,Low,6
2514,Par,UK,High,10
2515,Par,UK,Mid,2
2516,Par,UK,Low,6
2517,Nat,UK,High,15
2518,Nat,UK,Mid,7
2519,Nat,UK,Low,1
2520,Phr,UK,High,13
2521,Phr,UK,Mid,4
2522,Phr,UK,Low,1
2523,Nat,UK,High,6
2524,Nat,UK,Mid,9
2525,Nat,UK,Low,9
2526,Nat,US,High,22
2527,Nat,US,Mid,9
2528,Nat,US,Low,8
2529,Nat,CAN,High,26
2530,Nat,CAN,Mid,8
2531,Nat,CAN,Low,3
2532,Par,AUS,High,22
2533,Par,AUS,Mid,6
2534,Par,AUS,Low,3
2535,Nat,AUS,High,16
2536,Nat,AUS,Mid,9
2537,Nat,AUS,Low,4
2538,Sty,US,High,14
2539,Sty,US,Mid,7
2540,Sty,US,Low,1
2541,Nat,US,High,11
2542,Nat,US,Mid,3
2543,Nat,US,Low,2
2544,Sty,CAN,High,14
2545,Sty,CAN,Mid,6
2546,Sty,CAN,Low,1
2547,Nat,CAN,High,14
2548,Nat,CAN,Mid,4
2549,Nat,CAN,Low,1
2550,Sty,CAN,High,14
2551,Sty,CAN,Mid,20
2552,Sty,CAN,Low,1
2553,Nat,CAN,High,14
2554,Nat,CAN,Mid,13
2555,Nat,CAN,Low,3
2559,Par,US,High,17
2560,Par,US,Mid,5
2561,Par,US,Low,1
2562,Nat,US,High,9
2563,Nat,US,Mid,0
2564,Nat,US,Low,3
2565,Nat,NZ,High,39
2566,Nat,NZ,Mid,18
2567,Nat,NZ,Low,3
2568,Sty,NZ,High,11
2569,Sty,NZ,Mid,3
2570,Sty,NZ,Low,2
2571,Nat,NZ,High,16
2572,Nat,NZ,Mid,5
2573,Nat,NZ,Low,3
2574,Sty,CAN,High,13
2575,Sty,CAN,Mid,3
2576,Sty,CAN,Low,1
2577,Nat,CAN,High,10
2578,Nat,CAN,Mid,4
2579,Nat,CAN,Low,1
2580,Phr,AUS,High,6
2581,Phr,AUS,Mid,7
2582,Phr,AUS,Low,2
2583,Nat,AUS,High,10
2584,Nat,AUS,Mid,6
2585,Nat,AUS,Low,4
2586,Nat,AUS,High,23
2587,Nat,AUS,Mid,7
2588,Nat,AUS,Low,5
2592,Par,UK,High,13
2593,Par,UK,Mid,11
2594,Par,UK,Low,5
2595,Nat,UK,High,10
2596,Nat,UK,Mid,1
2597,Nat,UK,Low,2
2598,Sty,US,High,5
2599,Sty,US,Mid,5
2600,Sty,US,Low,1
2601,Nat,US,High,12
2602,Nat,US,Mid,6
2603,Nat,US,Low,6
2604,Phr,CAN,High,6
2605,Phr,CAN,Mid,5
2606,Phr,CAN,Low,5
2607,Nat,CAN,High,17
2608,Nat,CAN,Mid,11
2609,Nat,CAN,Low,3
2610,Sty,CAN,High,16
2611,Sty,CAN,Mid,8
2612,Sty,CAN,Low,2
2613,Nat,CAN,High,7
2614,Nat,CAN,Mid,5
2615,Nat,CAN,Low,2
2616,Sty,CAN,High,11
2617,Sty,CAN,Mid,5
2618,Sty,CAN,Low,0
2619,Nat,CAN,High,13
2620,Nat,CAN,Mid,8
2621,Nat,CAN,Low,3
2625,Par,NZ,High,15
2626,Par,NZ,Mid,6
2627,Par,NZ,Low,1
2628,Nat,NZ,High,9
2629,Nat,NZ,Mid,13
2630,Nat,NZ,Low,4
2634,Par,NZ,High,17
2635,Par,NZ,Mid,13
2636,Par,NZ,Low,1
2637,Nat,NZ,High,13
2638,Nat,NZ,Mid,13
2639,Nat,NZ,Low,3
2640,Phr,UK,High,14
2641,Phr,UK,Mid,7
2642,Phr,UK,Low,3
2643,Nat,UK,High,19
2644,Nat,UK,Mid,10
2645,Nat,UK,Low,6
2646,Sty,UK,High,12
2647,Sty,UK,Mid,5
2648,Sty,UK,Low,1
2649,Nat,UK,High,16
2650,Nat,UK,Mid,7
2651,Nat,UK,Low,2
2655,Par,UK,High,13
2656,Par,UK,Mid,11
2657,Par,UK,Low,2
2658,Nat,UK,High,7
2659,Nat,UK,Mid,13
2660,Nat,UK,Low,1
2661,Sty,UK,High,12
2662,Sty,UK,Mid,10
2663,Sty,UK,Low,1
2664,Nat,UK,High,7
2665,Nat,UK,Mid,5
2666,Nat,UK,Low,7
2667,Phr,CAN,High,16
2668,Phr,CAN,Mid,9
2669,Phr,CAN,Low,6
2670,Nat,CAN,High,15
2671,Nat,CAN,Mid,5
2672,Nat,CAN,Low,4
2673,Sty,UK,High,13
2674,Sty,UK,Mid,6
2675,Sty,UK,Low,0
2676,Nat,UK,High,10
2677,Nat,UK,Mid,1
2678,Nat,UK,Low,3
2682,Par,AUS,High,14
2683,Par,AUS,Mid,7
2684,Par,AUS,Low,4
2685,Nat,AUS,High,15
2686,Nat,AUS,Mid,11
2687,Nat,AUS,Low,5
2691,Par,US,High,25
2692,Par,US,Mid,15
2693,Par,US,Low,1
2694,Nat,US,High,18
2695,Nat,US,Mid,13
2696,Nat,US,Low,6
2697,Phr,UK,High,11
2698,Phr,UK,Mid,9
2699,Phr,UK,Low,0
2700,Nat,UK,High,13
2701,Nat,UK,Mid,6
2702,Nat,UK,Low,3
2703,Par,AUS,High,49
2704,Par,AUS,Mid,30
2705,Par,AUS,Low,24
2706,Nat,AUS,High,9
2707,Nat,AUS,Mid,11
2708,Nat,AUS,Low,6
2712,Par,UK,High,15
2713,Par,UK,Mid,6
2714,Par,UK,Low,5
2715,Nat,UK,High,12
2716,Nat,UK,Mid,5
2717,Nat,UK,Low,3
2718,Sty,CAN,High,5
2719,Sty,CAN,Mid,16
2720,Sty,CAN,Low,1
2721,Nat,CAN,High,15
2722,Nat,CAN,Mid,2
2723,Nat,CAN,Low,6
2727,Par,UK,High,24
2728,Par,UK,Mid,21
2729,Par,UK,Low,9
2730,Nat,UK,High,22
2731,Nat,UK,Mid,12
2732,Nat,UK,Low,7
2733,Sty,AUS,High,9
2734,Sty,AUS,Mid,4
2735,Sty,AUS,Low,0
2736,Nat,AUS,High,11
2737,Nat,AUS,Mid,1
2738,Nat,AUS,Low,2
2739,Phr,CAN,High,14
2740,Phr,CAN,Mid,7
2741,Phr,CAN,Low,1
2742,Nat,CAN,High,7
2743,Nat,CAN,Mid,7
2744,Nat,CAN,Low,3
2748,Par,US,High,8
2749,Par,US,Mid,3
2750,Par,US,Low,5
2751,Nat,US,High,18
2752,Nat,US,Mid,7
2753,Nat,US,Low,2
2754,Phr,AUS,High,9
2755,Phr,AUS,Mid,9
2756,Phr,AUS,Low,1
2757,Nat,AUS,High,8
2758,Nat,AUS,Mid,8
2759,Nat,AUS,Low,6
2760,Nat,US,High,36
2761,Nat,US,Mid,16
2762,Nat,US,Low,8
2763,Par,AUS,High,13
2764,Par,AUS,Mid,13
2765,Par,AUS,Low,2
2766,Nat,AUS,High,7
2767,Nat,AUS,Mid,5
2768,Nat,AUS,Low,3
2772,Par,NZ,High,27
2773,Par,NZ,Mid,2
2774,Par,NZ,Low,3
2775,Nat,NZ,High,14
2776,Nat,NZ,Mid,6
2777,Nat,NZ,Low,4
2778,Sty,US,High,3
2779,Sty,US,Mid,3
2780,Sty,US,Low,1
2781,Nat,US,High,9
2782,Nat,US,Mid,8
2783,Nat,US,Low,1
2784,Par,US,High,11
2785,Par,US,Mid,9
2786,Par,US,Low,1
2787,Nat,US,High,4
2788,Nat,US,Mid,3
2789,Nat,US,Low,3
2790,Par,CAN,High,14
2791,Par,CAN,Mid,16
2792,Par,CAN,Low,4
2793,Nat,CAN,High,11
2794,Nat,CAN,Mid,4
2795,Nat,CAN,Low,2
2796,Phr,AUS,High,7
2797,Phr,AUS,Mid,4
2798,Phr,AUS,Low,2
2799,Nat,AUS,High,6
2800,Nat,AUS,Mid,5
2801,Nat,AUS,Low,5
2802,Nat,CAN,High,22
2803,Nat,CAN,Mid,10
2804,Nat,CAN,Low,5
2805,Nat,AUS,High,33
2806,Nat,AUS,Mid,12
2807,Nat,AUS,Low,6
2808,Sty,NZ,High,16
2809,Sty,NZ,Mid,11
2810,Sty,NZ,Low,2
2811,Nat,NZ,High,10
2812,Nat,NZ,Mid,6
2813,Nat,NZ,Low,0
2814,Par,AUS,High,29
2815,Par,AUS,Mid,8
2816,Par,AUS,Low,1
2817,Nat,AUS,High,5
2818,Nat,AUS,Mid,6
2819,Nat,AUS,Low,7
2820,Phr,AUS,High,11
2821,Phr,AUS,Mid,6
2822,Phr,AUS,Low,3
2823,Nat,AUS,High,20
2824,Nat,AUS,Mid,6
2825,Nat,AUS,Low,7
2826,Phr,UK,High,15
2827,Phr,UK,Mid,9
2828,Phr,UK,Low,2
2829,Nat,UK,High,9
2830,Nat,UK,Mid,3
2831,Nat,UK,Low,0
2832,Phr,US,High,12
2833,Phr,US,Mid,5
2834,Phr,US,Low,3
2835,Nat,US,High,9
2836,Nat,US,Mid,12
2837,Nat,US,Low,1
2838,Phr,CAN,High,21
2839,Phr,CAN,Mid,11
2840,Phr,CAN,Low,5
2841,Nat,CAN,High,9
2842,Nat,CAN,Mid,8
2843,Nat,CAN,Low,2
2844,Phr,CAN,High,13
2845,Phr,CAN,Mid,12
2846,Phr,CAN,Low,2
2847,Nat,CAN,High,14
2848,Nat,CAN,Mid,11
2849,Nat,CAN,Low,3
2850,Phr,US,High,14
2851,Phr,US,Mid,6
2852,Phr,US,Low,2
2853,Nat,US,High,12
2854,Nat,US,Mid,4
2855,Nat,US,Low,8
2856,Phr,AUS,High,17
2857,Phr,AUS,Mid,8
2858,Phr,AUS,Low,10
2859,Nat,AUS,High,3
2860,Nat,AUS,Mid,6
2861,Nat,AUS,Low,2
2862,Sty,CAN,High,24
2863,Sty,CAN,Mid,7
2864,Sty,CAN,Low,3
2865,Nat,CAN,High,8
2866,Nat,CAN,Mid,7
2867,Nat,CAN,Low,1
2868,Sty,CAN,High,20
2869,Sty,CAN,Mid,4
2870,Sty,CAN,Low,2
2871,Nat,CAN,High,9
2872,Nat,CAN,Mid,5
2873,Nat,CAN,Low,1
2874,Sty,UK,High,11
2875,Sty,UK,Mid,1
2876,Sty,UK,Low,9
2877,Nat,UK,High,16
2878,Nat,UK,Mid,8
2879,Nat,UK,Low,1
2880,Sty,UK,High,12
2881,Sty,UK,Mid,7
2882,Sty,UK,Low,8
2883,Nat,UK,High,12
2884,Nat,UK,Mid,11
2885,Nat,UK,Low,3
2889,Par,UK,High,22
2890,Par,UK,Mid,7
2891,Par,UK,Low,0
2892,Nat,UK,High,27
2893,Nat,UK,Mid,10
2894,Nat,UK,Low,5
2895,Par,CAN,High,29
2896,Par,CAN,Mid,10
2897,Par,CAN,Low,2
2898,Nat,CAN,High,28
2899,Nat,CAN,Mid,6
2900,Nat,CAN,Low,2
2901,Nat,NZ,High,23
2902,Nat,NZ,Mid,20
2903,Nat,NZ,Low,5
2904,Par,NZ,High,16
2905,Par,NZ,Mid,5
2906,Par,NZ,Low,0
2907,Nat,NZ,High,7
2908,Nat,NZ,Mid,1
2909,Nat,NZ,Low,2
2910,Sty,UK,High,10
2911,Sty,UK,Mid,7
2912,Sty,UK,Low,2
2913,Nat,UK,High,15
2914,Nat,UK,Mid,6
2915,Nat,UK,Low,1
2916,Phr,AUS,High,2
2917,Phr,AUS,Mid,3
2918,Phr,AUS,Low,0
2919,Nat,AUS,High,11
2920,Nat,AUS,Mid,4
2921,Nat,AUS,Low,1
2922,Phr,US,High,19
2923,Phr,US,Mid,9
2924,Phr,US,Low,4
2925,Nat,US,High,10
2926,Nat,US,Mid,5
2927,Nat,US,Low,6
2928,Sty,NZ,High,9
2929,Sty,NZ,Mid,9
2930,Sty,NZ,Low,6
2931,Nat,NZ,High,18
2932,Nat,NZ,Mid,15
2933,Nat,NZ,Low,4
2934,Phr,AUS,High,12
2935,Phr,AUS,Mid,2
2936,Phr,AUS,Low,2
2937,Nat,AUS,High,5
2938,Nat,AUS,Mid,6
2939,Nat,AUS,Low,6
2943,Par,US,High,12
2944,Par,US,Mid,8
2945,Par,US,Low,2
2946,Nat,US,High,13
2947,Nat,US,Mid,4
2948,Nat,US,Low,1
2949,Sty,AUS,High,7
2950,Sty,AUS,Mid,5
2951,Sty,AUS,Low,2
2952,Nat,AUS,High,10
2953,Nat,AUS,Mid,5
2954,Nat,AUS,Low,2
2955,Nat,CAN,High,38
2956,Nat,CAN,Mid,15
2957,Nat,CAN,Low,5
2958,Nat,CAN,High,26
2959,Nat,CAN,Mid,18
2960,Nat,CAN,Low,9
2961,Phr,AUS,High,11
2962,Phr,AUS,Mid,13
2963,Phr,AUS,Low,3
2964,Nat,AUS,High,14
2965,Nat,AUS,Mid,7
2966,Nat,AUS,Low,2
2967,Phr,UK,High,12
2968,Phr,UK,Mid,6
2969,Phr,UK,Low,6
2970,Nat,UK,High,19
2971,Nat,UK,Mid,13
2972,Nat,UK,Low,1
2976,Par,NZ,High,13
2977,Par,NZ,Mid,10
2978,Par,NZ,Low,3
2979,Nat,NZ,High,9
2980,Nat,NZ,Mid,8
2981,Nat,NZ,Low,3
2982,Sty,AUS,High,20
2983,Sty,AUS,Mid,6
2984,Sty,AUS,Low,0
2985,Nat,AUS,High,25
2986,Nat,AUS,Mid,7
2987,Nat,AUS,Low,3
2991,Par,US,High,20
2992,Par,US,Mid,8
2993,Par,US,Low,1
2994,Nat,US,High,3
2995,Nat,US,Mid,15
2996,Nat,US,Low,1
3000,Par,NZ,High,12
3001,Par,NZ,Mid,8
3002,Par,NZ,Low,0
3003,Nat,NZ,High,16
3004,Nat,NZ,Mid,9
3005,Nat,NZ,Low,4
3006,Phr,CAN,High,19
3007,Phr,CAN,Mid,13
3008,Phr,CAN,Low,3
3009,Nat,CAN,High,10
3010,Nat,CAN,Mid,2
3011,Nat,CAN,Low,3
3012,Phr,CAN,High,15
3013,Phr,CAN,Mid,13
3014,Phr,CAN,Low,2
3015,Nat,CAN,High,15
3016,Nat,CAN,Mid,7
3017,Nat,CAN,Low,3
3018,Sty,CAN,High,14
3019,Sty,CAN,Mid,10
3020,Sty,CAN,Low,0
3021,Nat,CAN,High,11
3022,Nat,CAN,Mid,10
3023,Nat,CAN,Low,1
3024,Par,CAN,High,12
3025,Par,CAN,Mid,24
3026,Par,CAN,Low,7
3027,Nat,CAN,High,17
3028,Nat,CAN,Mid,13
3029,Nat,CAN,Low,6
3030,Par,NZ,High,15
3031,Par,NZ,Mid,14
3032,Par,NZ,Low,2
3033,Nat,NZ,High,9
3034,Nat,NZ,Mid,6
3035,Nat,NZ,Low,3
3039,Par,NZ,High,8
3040,Par,NZ,Mid,9
3041,Par,NZ,Low,4
3042,Nat,NZ,High,16
3043,Nat,NZ,Mid,8
3044,Nat,NZ,Low,4
3045,Nat,CAN,High,30
3046,Nat,CAN,Mid,14
3047,Nat,CAN,Low,10
3048,Sty,US,High,10
3049,Sty,US,Mid,7
3050,Sty,US,Low,8
3051,Nat,US,High,15
3052,Nat,US,Mid,6
3053,Nat,US,Low,1
3054,Nat,AUS,High,19
3055,Nat,AUS,Mid,5
3056,Nat,AUS,Low,3
3057,Sty,CAN,High,8
3058,Sty,CAN,Mid,7
3059,Sty,CAN,Low,0
3060,Nat,CAN,High,9
3061,Nat,CAN,Mid,10
3062,Nat,CAN,Low,2
3063,Sty,NZ,High,21
3064,Sty,NZ,Mid,6
3065,Sty,NZ,Low,4
3066,Nat,NZ,High,10
3067,Nat,NZ,Mid,11
3068,Nat,NZ,Low,4
3069,Phr,US,High,14
3070,Phr,US,Mid,10
3071,Phr,US,Low,7
3072,Nat,US,High,15
3073,Nat,US,Mid,10
3074,Nat,US,Low,3
3075,Nat,US,High,18
3076,Nat,US,Mid,9
3077,Nat,US,Low,4
3078,Nat,NZ,High,26
3079,Nat,NZ,Mid,12
3080,Nat,NZ,Low,5
3081,Phr,AUS,High,13
3082,Phr,AUS,Mid,8
3083,Phr,AUS,Low,2
3084,Nat,AUS,High,6
3085,Nat,AUS,Mid,2
3086,Nat,AUS,Low,1
3087,Par,AUS,High,15
3088,Par,AUS,Mid,14
3089,Par,AUS,Low,2
3090,Nat,AUS,High,13
3091,Nat,AUS,Mid,4
3092,Nat,AUS,Low,6
3093,Phr,UK,High,21
3094,Phr,UK,Mid,2
3095,Phr,UK,Low,2
3096,Nat,UK,High,16
3097,Nat,UK,Mid,12
3098,Nat,UK,Low,6
3099,Nat,CAN,High,40
3100,Nat,CAN,Mid,29
3101,Nat,CAN,Low,7
3102,Par,US,High,9
3103,Par,US,Mid,11
3104,Par,US,Low,5
3105,Nat,US,High,13
3106,Nat,US,Mid,3
3107,Nat,US,Low,1
3108,Nat,CAN,High,28
3109,Nat,CAN,Mid,13
3110,Nat,CAN,Low,3
3111,Nat,UK,High,21
3112,Nat,UK,Mid,14
3113,Nat,UK,Low,7
3114,Sty,NZ,High,17
3115,Sty,NZ,Mid,10
3116,Sty,NZ,Low,2
3117,Nat,NZ,High,11
3118,Nat,NZ,Mid,4
3119,Nat,NZ,Low,2
3120,Nat,AUS,High,26
3121,Nat,AUS,Mid,13
3122,Nat,AUS,Low,1
3123,Sty,US,High,21
3124,Sty,US,Mid,6
3125,Sty,US,Low,1
3126,Nat,US,High,9
3127,Nat,US,Mid,4
3128,Nat,US,Low,7
3129,Nat,CAN,High,18
3130,Nat,CAN,Mid,10
3131,Nat,CAN,Low,3
3132,Nat,UK,High,21
3133,Nat,UK,Mid,11
3134,Nat,UK,Low,5
3138,Par,CAN,High,18
3139,Par,CAN,Mid,16
3140,Par,CAN,Low,0
3141,Nat,CAN,High,14
3142,Nat,CAN,Mid,4
3143,Nat,CAN,Low,2
3147,Par,CAN,High,26
3148,Par,CAN,Mid,11
3149,Par,CAN,Low,5
3150,Nat,CAN,High,20
3151,Nat,CAN,Mid,23
3152,Nat,CAN,Low,1
3153,Par,US,High,13
3154,Par,US,Mid,13
3155,Par,US,Low,2
3156,Nat,US,High,9
3157,Nat,US,Mid,7
3158,Nat,US,Low,3
3159,Sty,NZ,High,20
3160,Sty,NZ,Mid,7
3161,Sty,NZ,Low,4
3162,Nat,NZ,High,12
3163,Nat,NZ,Mid,2
3164,Nat,NZ,Low,2
3165,Sty,NZ,High,17
3166,Sty,NZ,Mid,4
3167,Sty,NZ,Low,2
3168,Nat,NZ,High,11
3169,Nat,NZ,Mid,5
3170,Nat,NZ,Low,4
3171,Sty,UK,High,11
3172,Sty,UK,Mid,4
3173,Sty,UK,Low,5
3174,Nat,UK,High,13
3175,Nat,UK,Mid,7
3176,Nat,UK,Low,1
3177,Sty,CAN,High,8
3178,Sty,CAN,Mid,6
3179,Sty,CAN,Low,5
3180,Nat,CAN,High,12
3181,Nat,CAN,Mid,0
3182,Nat,CAN,Low,2
3183,Nat,US,High,23
3184,Nat,US,Mid,11
3185,Nat,US,Low,3
3189,Par,AUS,High,6
3190,Par,AUS,Mid,6
3191,Par,AUS,Low,4
3192,Nat,AUS,High,16
3193,Nat,AUS,Mid,9
3194,Nat,AUS,Low,2
3195,Sty,CAN,High,12
3196,Sty,CAN,Mid,2
3197,Sty,CAN,Low,2
3198,Nat,CAN,High,8
3199,Nat,CAN,Mid,4
3200,Nat,CAN,Low,5
3201,Par,US,High,10
3202,Par,US,Mid,13
3203,Par,US,Low,5
3204,Nat,US,High,6
3205,Nat,US,Mid,6
3206,Nat,US,Low,3
3207,Nat,NZ,High,34
3208,Nat,NZ,Mid,17
3209,Nat,NZ,Low,8
3210,Phr,US,High,14
3211,Phr,US,Mid,8
3212,Phr,US,Low,5
3213,Nat,US,High,19
3214,Nat,US,Mid,5
3215,Nat,US,Low,2
3216,Phr,NZ,High,12
3217,Phr,NZ,Mid,18
3218,Phr,NZ,Low,2
3219,Nat,NZ,High,2
3220,Nat,NZ,Mid,5
3221,Nat,NZ,Low,3
3222,Par,AUS,High,29
3223,Par,AUS,Mid,3
3224,Par,AUS,Low,7
3225,Nat,AUS,High,21
3226,Nat,AUS,Mid,6
3227,Nat,AUS,Low,3
3228,Nat,US,High,32
3229,Nat,US,Mid,4
3230,Nat,US,Low,4
3234,Par,US,High,16
3235,Par,US,Mid,7
3236,Par,US,Low,3
3237,Nat,US,High,8
3238,Nat,US,Mid,6
3239,Nat,US,Low,1
3240,Phr,US,High,3
3241,Phr,US,Mid,3
3242,Phr,US,Low,2
3243,Nat,US,High,9
3244,Nat,US,Mid,1
3245,Nat,US,Low,1
3249,Par,US,High,10
3250,Par,US,Mid,13
3251,Par,US,Low,2
3252,Nat,US,High,10
3253,Nat,US,Mid,4
3254,Nat,US,Low,4
3258,Par,UK,High,19
3259,Par,UK,Mid,2
3260,Par,UK,Low,6
3261,Nat,UK,High,8
3262,Nat,UK,Mid,6
3263,Nat,UK,Low,3
3264,Phr,US,High,22
3265,Phr,US,Mid,12
3266,Phr,US,Low,1
3267,Nat,US,High,15
3268,Nat,US,Mid,5
3269,Nat,US,Low,4
3270,Phr,US,High,16
3271,Phr,US,Mid,9
3272,Phr,US,Low,9
3273,Nat,US,High,10
3274,Nat,US,Mid,5
3275,Nat,US,Low,3
3276,Sty,US,High,7
3277,Sty,US,Mid,5
3278,Sty,US,Low,1
3279,Nat,US,High,10
3280,Nat,US,Mid,3
3281,Nat,US,Low,1
3282,Phr,UK,High,10
3283,Phr,UK,Mid,6
3284,Phr,UK,Low,3
3285,Nat,UK,High,23
3286,Nat,UK,Mid,7
3287,Nat,UK,Low,3
3288,Par,UK,High,16
3289,Par,UK,Mid,7
3290,Par,UK,Low,5
3291,Nat,UK,High,14
3292,Nat,UK,Mid,5
3293,Nat,UK,Low,12
3297,Par,US,High,16
3298,Par,US,Mid,12
3299,Par,US,Low,6
3300,Nat,US,High,12
3301,Nat,US,Mid,13
3302,Nat,US,Low,9
3303,Nat,NZ,High,46
3304,Nat,NZ,Mid,26
3305,Nat,NZ,Low,22
3309,Par,UK,High,11
3310,Par,UK,Mid,3
3311,Par,UK,Low,3
3312,Nat,UK,High,17
3313,Nat,UK,Mid,15
3314,Nat,UK,Low,7
3315,Phr,US,High,15
3316,Phr,US,Mid,10
3317,Phr,US,Low,0
3318,Nat,US,High,14
3319,Nat,US,Mid,3
3320,Nat,US,Low,9
3321,Phr,US,High,19
3322,Phr,US,Mid,11
3323,Phr,US,Low,3
3324,Nat,US,High,18
3325,Nat,US,Mid,3
3326,Nat,US,Low,3
3327,Sty,UK,High,14
3328,Sty,UK,Mid,6
3329,Sty,UK,Low,2
3330,Nat,UK,High,11
3331,Nat,UK,Mid,3
3332,Nat,UK,Low,7
3333,Sty,US,High,10
3334,Sty,US,Mid,6
3335,Sty,US,Low,1
3336,Nat,US,High,5
3337,Nat,US,Mid,3
3338,Nat,US,Low,2
3339,Nat,NZ,High,23
3340,Nat,NZ,Mid,17
3341,Nat,NZ,Low,11
3342,Phr,US,High,18
3343,Phr,US,Mid,8
3344,Phr,US,Low,1
3345,Nat,US,High,11
3346,Nat,US,Mid,6
3347,Nat,US,Low,3
3348,Nat,UK,High,19
3349,Nat,UK,Mid,5
3350,Nat,UK,Low,5
3351,Phr,UK,High,14
3352,Phr,UK,Mid,8
3353,Phr,UK,Low,4
3354,Nat,UK,High,10
3355,Nat,UK,Mid,6
3356,Nat,UK,Low,1
3357,Phr,US,High,14
3358,Phr,US,Mid,5
3359,Phr,US,Low,0
3360,Nat,US,High,17
3361,Nat,US,Mid,5
3362,Nat,US,Low,3
3363,Nat,US,High,21
3364,Nat,US,Mid,11
3365,Nat,US,Low,9
3366,Nat,CAN,High,29
3367,Nat,CAN,Mid,20
3368,Nat,CAN,Low,11
3369,Nat,UK,High,15
3370,Nat,UK,Mid,15
3371,Nat,UK,Low,8
3372,Sty,UK,High,12
3373,Sty,UK,Mid,7
3374,Sty,UK,Low,1
3375,Nat,UK,High,14
3376,Nat,UK,Mid,7
3377,Nat,UK,Low,4
3378,Phr,AUS,High,12
3379,Phr,AUS,Mid,0
3380,Phr,AUS,Low,2
3381,Nat,AUS,High,14
3382,Nat,AUS,Mid,1
3383,Nat,AUS,Low,1
3384,Nat,US,High,54
3385,Nat,US,Mid,11
3386,Nat,US,Low,8
3387,Nat,CAN,High,17
3388,Nat,CAN,Mid,10
3389,Nat,CAN,Low,11
3390,Phr,NZ,High,13
3391,Phr,NZ,Mid,9
3392,Phr,NZ,Low,3
3393,Nat,NZ,High,10
3394,Nat,NZ,Mid,7
3395,Nat,NZ,Low,2
3396,Phr,NZ,High,8
3397,Phr,NZ,Mid,7
3398,Phr,NZ,Low,2
3399,Nat,NZ,High,20
3400,Nat,NZ,Mid,9
3401,Nat,NZ,Low,5
3402,Nat,US,High,33
3403,Nat,US,Mid,20
3404,Nat,US,Low,5
3405,Par,CAN,High,16
3406,Par,CAN,Mid,9
3407,Par,CAN,Low,8
3408,Nat,CAN,High,23
3409,Nat,CAN,Mid,4
3410,Nat,CAN,Low,3
3411,Sty,US,High,14
3412,Sty,US,Mid,7
3413,Sty,US,Low,2
3414,Nat,US,High,8
3415,Nat,US,Mid,7
3416,Nat,US,Low,3
3417,Nat,CAN,High,20
3418,Nat,CAN,Mid,7
3419,Nat,CAN,Low,1
3420,Sty,CAN,High,4
3421,Sty,CAN,Mid,6
3422,Sty,CAN,Low,1
3423,Nat,CAN,High,8
3424,Nat,CAN,Mid,6
3425,Nat,CAN,Low,6
3426,Phr,NZ,High,15
3427,Phr,NZ,Mid,3
3428,Phr,NZ,Low,2
3429,Nat,NZ,High,15
3430,Nat,NZ,Mid,4
3431,Nat,NZ,Low,2
3435,Par,US,High,13
3436,Par,US,Mid,15
3437,Par,US,Low,8
3438,Nat,US,High,13
3439,Nat,US,Mid,4
3440,Nat,US,Low,2
3441,Phr,US,High,11
3442,Phr,US,Mid,9
3443,Phr,US,Low,8
3444,Nat,US,High,9
3445,Nat,US,Mid,3
3446,Nat,US,Low,5
3447,Phr,US,High,22
3448,Phr,US,Mid,9
3449,Phr,US,Low,5
3450,Nat,US,High,12
3451,Nat,US,Mid,16
3452,Nat,US,Low,6
3453,Par,UK,High,11
3454,Par,UK,Mid,8
3455,Par,UK,Low,3
3456,Nat,UK,High,10
3457,Nat,UK,Mid,5
3458,Nat,UK,Low,2
3459,Par,CAN,High,30
3460,Par,CAN,Mid,9
3461,Par,CAN,Low,2
3462,Nat,CAN,High,16
3463,Nat,CAN,Mid,12
3464,Nat,CAN,Low,4
3465,Phr,US,High,11
3466,Phr,US,Mid,7
3467,Phr,US,Low,6
3468,Nat,US,High,10
3469,Nat,US,Mid,4
3470,Nat,US,Low,1
3471,Nat,AUS,High,37
3472,Nat,AUS,Mid,4
3473,Nat,AUS,Low,3
3474,Nat,US,High,31
3475,Nat,US,Mid,21
3476,Nat,US,Low,7
3477,Phr,US,High,17
3478,Phr,US,Mid,1
3479,Phr,US,Low,3
3480,Nat,US,High,8
3481,Nat,US,Mid,3
3482,Nat,US,Low,4
3486,Par,AUS,High,15
3487,Par,AUS,Mid,6
3488,Par,AUS,Low,3
3489,Nat,AUS,High,12
3490,Nat,AUS,Mid,12
3491,Nat,AUS,Low,7
3492,Nat,UK,High,23
3493,Nat,UK,Mid,13
3494,Nat,UK,Low,7
3495,Nat,US,High,29
3496,Nat,US,Mid,7
3497,Nat,US,Low,6
3498,Par,CAN,High,18
3499,Par,CAN,Mid,11
3500,Par,CAN,Low,4
3501,Nat,CAN,High,10
3502,Nat,CAN,Mid,5
3503,Nat,CAN,Low,0
3504,Phr,UK,High,20
3505,Phr,UK,Mid,12
3506,Phr,UK,Low,1
3507,Nat,UK,High,15
3508,Nat,UK,Mid,7
3509,Nat,UK,Low,1
3510,Sty,AUS,High,12
3511,Sty,AUS,Mid,24
3512,Sty,AUS,Low,4
3513,Nat,AUS,High,11
3514,Nat,AUS,Mid,6
3515,Nat,AUS,Low,0
3516,Sty,UK,High,7
3517,Sty,UK,Mid,9
3518,Sty,UK,Low,4
3519,Nat,UK,High,14
3520,Nat,UK,Mid,8
3521,Nat,UK,Low,1
3522,Sty,AUS,High,10
3523,Sty,AUS,Mid,8
3524,Sty,AUS,Low,4
3525,Nat,AUS,High,6
3526,Nat,AUS,Mid,5
3527,Nat,AUS,Low,4
3528,Phr,UK,High,11
3529,Phr,UK,Mid,6
3530,Phr,UK,Low,5
3531,Nat,UK,High,12
3532,Nat,UK,Mid,9
3533,Nat,UK,Low,2
3534,Nat,UK,High,40
3535,Nat,UK,Mid,14
3536,Nat,UK,Low,9
3540,Par,UK,High,18
3541,Par,UK,Mid,12
3542,Par,UK,Low,3
3543,Nat,UK,High,11
3544,Nat,UK,Mid,4
3545,Nat,UK,Low,0
3546,Par,UK,High,11
3547,Par,UK,Mid,13
3548,Par,UK,Low,4
3549,Nat,UK,High,8
3550,Nat,UK,Mid,0
3551,Nat,UK,Low,2
3552,Phr,CAN,High,18
3553,Phr,CAN,Mid,9
3554,Phr,CAN,Low,4
3555,Nat,CAN,High,15
3556,Nat,CAN,Mid,9
3557,Nat,CAN,Low,2
3558,Nat,AUS,High,26
3559,Nat,AUS,Mid,18
3560,Nat,AUS,Low,8
3561,Sty,US,High,17
3562,Sty,US,Mid,6
3563,Sty,US,Low,4
3564,Nat,US,High,16
3565,Nat,US,Mid,4
3566,Nat,US,Low,2
3567,Sty,US,High,14
3568,Sty,US,Mid,4
3569,Sty,US,Low,2
3570,Nat,US,High,15
3571,Nat,US,Mid,6
3572,Nat,US,Low,3
3573,Phr,UK,High,16
3574,Phr,UK,Mid,5
3575,Phr,UK,Low,2
3576,Nat,UK,High,25
3577,Nat,UK,Mid,10
3578,Nat,UK,Low,3
3579,Sty,UK,High,8
3580,Sty,UK,Mid,3
3581,Sty,UK,Low,1
3582,Nat,UK,High,9
3583,Nat,UK,Mid,7
3584,Nat,UK,Low,0
3585,Par,US,High,15
3586,Par,US,Mid,6
3587,Par,US,Low,3
3588,Nat,US,High,18
3589,Nat,US,Mid,3
3590,Nat,US,Low,2
3594,Par,CAN,High,16
3595,Par,CAN,Mid,6
3596,Par,CAN,Low,4
3597,Nat,CAN,High,20
3598,Nat,CAN,Mid,10
3599,Nat,CAN,Low,0
3600,Sty,US,High,10
3601,Sty,US,Mid,6
3602,Sty,US,Low,2
3603,Nat,US,High,12
3604,Nat,US,Mid,6
3605,Nat,US,Low,5
3606,Nat,US,High,34
3607,Nat,US,Mid,17
3608,Nat,US,Low,5
3609,Par,US,High,9
3610,Par,US,Mid,8
3611,Par,US,Low,7
3612,Nat,US,High,14
3613,Nat,US,Mid,9
3614,Nat,US,Low,2
3618,Par,US,High,7
3619,Par,US,Mid,4
3620,Par,US,Low,4
3621,Nat,US,High,10
3622,Nat,US,Mid,2
3623,Nat,US,Low,3
3627,Par,UK,High,25
3628,Par,UK,Mid,18
3629,Par,UK,Low,6
3630,Nat,UK,High,25
3631,Nat,UK,Mid,9
3632,Nat,UK,Low,4
3633,Sty,CAN,High,26
3634,Sty,CAN,Mid,5
3635,Sty,CAN,Low,4
3636,Nat,CAN,High,12
3637,Nat,CAN,Mid,7
3638,Nat,CAN,Low,1
3639,Phr,CAN,High,15
3640,Phr,CAN,Mid,7
3641,Phr,CAN,Low,4
3642,Nat,CAN,High,12
3643,Nat,CAN,Mid,4
3644,Nat,CAN,Low,1
3645,Nat,CAN,High,22
3646,Nat,CAN,Mid,4
3647,Nat,CAN,Low,2
3648,Sty,CAN,High,12
3649,Sty,CAN,Mid,7
3650,Sty,CAN,Low,1
3651,Nat,CAN,High,5
3652,Nat,CAN,Mid,7
3653,Nat,CAN,Low,1
3654,Phr,CAN,High,13
3655,Phr,CAN,Mid,9
3656,Phr,CAN,Low,3
3657,Nat,CAN,High,14
3658,Nat,CAN,Mid,6
3659,Nat,CAN,Low,3
3663,Par,CAN,High,6
3664,Par,CAN,Mid,18
3665,Par,CAN,Low,6
3666,Nat,CAN,High,4
3667,Nat,CAN,Mid,4
3668,Nat,CAN,Low,4
3672,Par,CAN,High,18
3673,Par,CAN,Mid,6
3674,Par,CAN,Low,3
3675,Nat,CAN,High,21
3676,Nat,CAN,Mid,8
3677,Nat,CAN,Low,0
3678,Nat,CAN,High,26
3679,Nat,CAN,Mid,4
3680,Nat,CAN,Low,2
3681,Sty,NZ,High,15
3682,Sty,NZ,Mid,4
3683,Sty,NZ,Low,2
3684,Nat,NZ,High,16
3685,Nat,NZ,Mid,9
3686,Nat,NZ,Low,6
3690,Par,CAN,High,14
3691,Par,CAN,Mid,11
3692,Par,CAN,Low,5
3693,Nat,CAN,High,8
3694,Nat,CAN,Mid,4
3695,Nat,CAN,Low,3
3696,Nat,CAN,High,31
3697,Nat,CAN,Mid,20
3698,Nat,CAN,Low,8
3699,Nat,US,High,26
3700,Nat,US,Mid,16
3701,Nat,US,Low,4
3702,Phr,US,High,12
3703,Phr,US,Mid,3
3704,Phr,US,Low,4
3705,Nat,US,High,17
3706,Nat,US,Mid,11
3707,Nat,US,Low,5
3711,Par,CAN,High,15
3712,Par,CAN,Mid,19
3713,Par,CAN,Low,6
3714,Nat,CAN,High,16
3715,Nat,CAN,Mid,10
3716,Nat,CAN,Low,5
3717,Sty,CAN,High,9
3718,Sty,CAN,Mid,7
3719,Sty,CAN,Low,1
3720,Nat,CAN,High,15
3721,Nat,CAN,Mid,5
3722,Nat,CAN,Low,4
3723,Nat,UK,High,25
3724,Nat,UK,Mid,6
3725,Nat,UK,Low,6
3726,Nat,CAN,High,29
3727,Nat,CAN,Mid,8
3728,Nat,CAN,Low,8
3729,Phr,CAN,High,12
3730,Phr,CAN,Mid,10
3731,Phr,CAN,Low,1
3732,Nat,CAN,High,13
3733,Nat,CAN,Mid,13
3734,Nat,CAN,Low,1
3735,Sty,CAN,High,8
3736,Sty,CAN,Mid,7
3737,Sty,CAN,Low,2
3738,Nat,CAN,High,16
3739,Nat,CAN,Mid,10
3740,Nat,CAN,Low,5
3741,Sty,CAN,High,15
3742,Sty,CAN,Mid,3
3743,Sty,CAN,Low,8
3744,Nat,CAN,High,13
3745,Nat,CAN,Mid,2
3746,Nat,CAN,Low,8
3750,Par,CAN,High,12
3751,Par,CAN,Mid,13
3752,Par,CAN,Low,8
3753,Nat,CAN,High,25
3754,Nat,CAN,Mid,3
3755,Nat,CAN,Low,3
3756,Sty,US,High,3
3757,Sty,US,Mid,11
3758,Sty,US,Low,3
3759,Nat,US,High,15
3760,Nat,US,Mid,8
3761,Nat,US,Low,6
3765,Par,UK,High,23
3766,Par,UK,Mid,5
3767,Par,UK,Low,2
3768,Nat,UK,High,8
3769,Nat,UK,Mid,4
3770,Nat,UK,Low,1
3771,Phr,CAN,High,12
3772,Phr,CAN,Mid,8
3773,Phr,CAN,Low,1
3774,Nat,CAN,High,19
3775,Nat,CAN,Mid,7
3776,Nat,CAN,Low,4
3777,Par,CAN,High,13
3778,Par,CAN,Mid,9
3779,Par,CAN,Low,5
3780,Nat,CAN,High,9
3781,Nat,CAN,Mid,16
3782,Nat,CAN,Low,1
3783,Sty,CAN,High,8
3784,Sty,CAN,Mid,6
3785,Sty,CAN,Low,1
3786,Nat,CAN,High,11
3787,Nat,CAN,Mid,5
3788,Nat,CAN,Low,1
3789,Nat,UK,High,35
3790,Nat,UK,Mid,13
3791,Nat,UK,Low,12
3795,Par,CAN,High,21
3796,Par,CAN,Mid,22
3797,Par,CAN,Low,4
3798,Nat,CAN,High,17
3799,Nat,CAN,Mid,8
3800,Nat,CAN,Low,3
3801,Phr,CAN,High,18
3802,Phr,CAN,Mid,12
3803,Phr,CAN,Low,2
3804,Nat,CAN,High,20
3805,Nat,CAN,Mid,6
3806,Nat,CAN,Low,2
3807,Sty,US,High,18
3808,Sty,US,Mid,12
3809,Sty,US,Low,1
3810,Nat,US,High,19
3811,Nat,US,Mid,12
3812,Nat,US,Low,1
3816,Par,NZ,High,11
3817,Par,NZ,Mid,5
3818,Par,NZ,Low,2
3819,Nat,NZ,High,12
3820,Nat,NZ,Mid,9
3821,Nat,NZ,Low,4
3822,Phr,US,High,8
3823,Phr,US,Mid,1
3824,Phr,US,Low,0
3825,Nat,US,High,13
3826,Nat,US,Mid,5
3827,Nat,US,Low,3
3828,Phr,US,High,11
3829,Phr,US,Mid,5
3830,Phr,US,Low,4
3831,Nat,US,High,12
3832,Nat,US,Mid,6
3833,Nat,US,Low,4
3837,Par,UK,High,21
3838,Par,UK,Mid,9
3839,Par,UK,Low,1
3840,Nat,UK,High,10
3841,Nat,UK,Mid,9
3842,Nat,UK,Low,4
3843,Phr,US,High,14
3844,Phr,US,Mid,8
3845,Phr,US,Low,10
3846,Nat,US,High,23
3847,Nat,US,Mid,15
3848,Nat,US,Low,0
3849,Sty,US,High,20
3850,Sty,US,Mid,4
3851,Sty,US,Low,2
3852,Nat,US,High,10
3853,Nat,US,Mid,6
3854,Nat,US,Low,2
3855,Phr,US,High,8
3856,Phr,US,Mid,12
3857,Phr,US,Low,1
3858,Nat,US,High,10
3859,Nat,US,Mid,9
3860,Nat,US,Low,3
3861,Phr,US,High,11
3862,Phr,US,Mid,6
3863,Phr,US,Low,3
3864,Nat,US,High,11
3865,Nat,US,Mid,5
3866,Nat,US,Low,1
3867,Nat,UK,High,31
3868,Nat,UK,Mid,12
3869,Nat,UK,Low,13
3870,Nat,US,High,18
3871,Nat,US,Mid,5
3872,Nat,US,Low,9
3873,Phr,US,High,9
3874,Phr,US,Mid,16
3875,Phr,US,Low,6
3876,Nat,US,High,11
3877,Nat,US,Mid,4
3878,Nat,US,Low,2
3882,Par,US,High,11
3883,Par,US,Mid,4
3884,Par,US,Low,3
3885,Nat,US,High,5
3886,Nat,US,Mid,8
3887,Nat,US,Low,3
3888,Nat,US,High,29
3889,Nat,US,Mid,11
3890,Nat,US,Low,9
3891,Phr,US,High,16
3892,Phr,US,Mid,4
3893,Phr,US,Low,2
3894,Nat,US,High,12
3895,Nat,US,Mid,5
3896,Nat,US,Low,6
3897,Nat,US,High,37
3898,Nat,US,Mid,13
3899,Nat,US,Low,6
3900,Sty,US,High,6
3901,Sty,US,Mid,10
3902,Sty,US,Low,1
3903,Nat,US,High,8
3904,Nat,US,Mid,5
3905,Nat,US,Low,3
3906,Nat,UK,High,24
3907,Nat,UK,Mid,13
3908,Nat,UK,Low,3
3909,Nat,US,High,13
3910,Nat,US,Mid,5
3911,Nat,US,Low,1
3912,Sty,US,High,6
3913,Sty,US,Mid,9
3914,Sty,US,Low,2
3915,Nat,US,High,12
3916,Nat,US,Mid,12
3917,Nat,US,Low,3
3918,Par,UK,High,22
3919,Par,UK,Mid,8
3920,Par,UK,Low,1
3921,Nat,UK,High,17
3922,Nat,UK,Mid,12
3923,Nat,UK,Low,7
3927,Par,UK,High,12
3928,Par,UK,Mid,12
3929,Par,UK,Low,5
3930,Nat,UK,High,9
3931,Nat,UK,Mid,0
3932,Nat,UK,Low,3
3933,Nat,US,High,26
3934,Nat,US,Mid,10
3935,Nat,US,Low,6
3936,Nat,UK,High,17
3937,Nat,UK,Mid,8
3938,Nat,UK,Low,9
3939,Sty,US,High,7
3940,Sty,US,Mid,17
3941,Sty,US,Low,3
3942,Nat,US,High,15
3943,Nat,US,Mid,5
3944,Nat,US,Low,2
3948,Par,US,High,14
3949,Par,US,Mid,8
3950,Par,US,Low,2
3951,Nat,US,High,11
3952,Nat,US,Mid,4
3953,Nat,US,Low,2
3954,Sty,US,High,25
3955,Sty,US,Mid,12
3956,Sty,US,Low,6
3957,Nat,US,High,28
3958,Nat,US,Mid,18
3959,Nat,US,Low,15
3960,Sty,US,High,25
3961,Sty,US,Mid,10
3962,Sty,US,Low,5
3963,Nat,US,High,21
3964,Nat,US,Mid,15
3965,Nat,US,Low,4
3966,Sty,NZ,High,30
3967,Sty,NZ,Mid,4
3968,Sty,NZ,Low,11
3969,Nat,NZ,High,14
3970,Nat,NZ,Mid,0
3971,Nat,NZ,Low,4
3972,Nat,AUS,High,20
3973,Nat,AUS,Mid,10
3974,Nat,AUS,Low,7
3975,Sty,US,High,10
3976,Sty,US,Mid,4
3977,Sty,US,Low,2
3978,Nat,US,High,9
3979,Nat,US,Mid,3
3980,Nat,US,Low,2
3984,Par,US,High,19
3985,Par,US,Mid,17
3986,Par,US,Low,4
3987,Nat,US,High,13
3988,Nat,US,Mid,7
3989,Nat,US,Low,3
3990,Sty,US,High,11
3991,Sty,US,Mid,7
3992,Sty,US,Low,2
3993,Nat,US,High,12
3994,Nat,US,Mid,12
3995,Nat,US,Low,3
3996,Nat,AUS,High,26
3997,Nat,AUS,Mid,6
3998,Nat,AUS,Low,5
3999,Sty,AUS,High,22
4000,Sty,AUS,Mid,2
4001,Sty,AUS,Low,4
4002,Nat,AUS,High,13
4003,Nat,AUS,Mid,6
4004,Nat,AUS,Low,3
4005,Nat,AUS,High,30
4006,Nat,AUS,Mid,11
4007,Nat,AUS,Low,7
4011,Par,UK,High,22
4012,Par,UK,Mid,8
4013,Par,UK,Low,4
4014,Nat,UK,High,18
4015,Nat,UK,Mid,14
4016,Nat,UK,Low,9
4017,Nat,AUS,High,30
4018,Nat,AUS,Mid,22
4019,Nat,AUS,Low,11
4023,Par,CAN,High,9
4024,Par,CAN,Mid,14
4025,Par,CAN,Low,5
4026,Nat,CAN,High,15
4027,Nat,CAN,Mid,3
4028,Nat,CAN,Low,3
4029,Phr,CAN,High,9
4030,Phr,CAN,Mid,7
4031,Phr,CAN,Low,5
4032,Nat,CAN,High,18
4033,Nat,CAN,Mid,6
4034,Nat,CAN,Low,3
4038,Par,AUS,High,11
4039,Par,AUS,Mid,11
4040,Par,AUS,Low,11
4041,Nat,AUS,High,14
4042,Nat,AUS,Mid,9
4043,Nat,AUS,Low,1
4044,Phr,US,High,6
4045,Phr,US,Mid,7
4046,Phr,US,Low,3
4047,Nat,US,High,28
4048,Nat,US,Mid,6
4049,Nat,US,Low,7
4053,Par,US,High,11
4054,Par,US,Mid,6
4055,Par,US,Low,3
4056,Nat,US,High,9
4057,Nat,US,Mid,7
4058,Nat,US,Low,4
4062,Par,AUS,High,13
4063,Par,AUS,Mid,3
4064,Par,AUS,Low,6
4065,Nat,AUS,High,13
4066,Nat,AUS,Mid,4
4067,Nat,AUS,Low,3
4068,Sty,NZ,High,21
4069,Sty,NZ,Mid,6
4070,Sty,NZ,Low,7
4071,Nat,NZ,High,8
4072,Nat,NZ,Mid,5
4073,Nat,NZ,Low,0
4074,Phr,UK,High,13
4075,Phr,UK,Mid,9
4076,Phr,UK,Low,3
4077,Nat,UK,High,16
4078,Nat,UK,Mid,9
4079,Nat,UK,Low,4
4080,Sty,UK,High,5
4081,Sty,UK,Mid,4
4082,Sty,UK,Low,4
4083,Nat,UK,High,7
4084,Nat,UK,Mid,5
4085,Nat,UK,Low,1
4086,GPT,GPT,High,15
4087,GPT,GPT,Mid,6
4088,GPT,GPT,Low,4
4089,GPT,GPT,High,16
4090,GPT,GPT,Mid,8
4091,GPT,GPT,Low,5
4092,GPT,GPT,High,14
4093,GPT,GPT,Mid,9
4094,GPT,GPT,Low,3
4095,GPT,GPT,High,8
4096,GPT,GPT,Mid,7
4097,GPT,GPT,Low,4
4098,GPT,GPT,High,12
4099,GPT,GPT,Mid,11
4100,GPT,GPT,Low,4
4101,GPT,GPT,High,17
4102,GPT,GPT,Mid,6
4103,GPT,GPT,Low,5
4104,GPT,GPT,High,13
4105,GPT,GPT,Mid,1
4106,GPT,GPT,Low,5
4107,GPT,GPT,High,24
4108,GPT,GPT,Mid,9
4109,GPT,GPT,Low,0
4110,GPT,GPT,High,14
4111,GPT,GPT,Mid,4
4112,GPT,GPT,Low,5
4113,GPT,GPT,High,15
4114,GPT,GPT,Mid,8
4115,GPT,GPT,Low,3
4116,GPT,GPT,High,19
4117,GPT,GPT,Mid,8
4118,GPT,GPT,Low,4
4119,GPT,GPT,High,24
4120,GPT,GPT,Mid,5
4121,GPT,GPT,Low,2
4122,GPT,GPT,High,12
4123,GPT,GPT,Mid,6
4124,GPT,GPT,Low,5
4125,GPT,GPT,High,16
4126,GPT,GPT,Mid,13
4127,GPT,GPT,Low,3
4128,GPT,GPT,High,17
4129,GPT,GPT,Mid,6
4130,GPT,GPT,Low,3
4131,GPT,GPT,High,13
4132,GPT,GPT,Mid,5
4133,GPT,GPT,Low,5
4134,GPT,GPT,High,7
4135,GPT,GPT,Mid,6
4136,GPT,GPT,Low,1
4137,GPT,GPT,High,11
4138,GPT,GPT,Mid,14
4139,GPT,GPT,Low,4
4140,GPT,GPT,High,16
4141,GPT,GPT,Mid,8
4142,GPT,GPT,Low,6
4143,GPT,GPT,High,8
4144,GPT,GPT,Mid,4
4145,GPT,GPT,Low,3
4146,GPT,GPT,High,22
4147,GPT,GPT,Mid,8
4148,GPT,GPT,Low,0
4149,GPT,GPT,High,11
4150,GPT,GPT,Mid,10
4151,GPT,GPT,Low,1
4152,GPT,GPT,High,14
4153,GPT,GPT,Mid,5
4154,GPT,GPT,Low,2
4155,GPT,GPT,High,12
4156,GPT,GPT,Mid,3
4157,GPT,GPT,Low,1
4158,GPT,GPT,High,16
4159,GPT,GPT,Mid,7
4160,GPT,GPT,Low,1
4161,GPT,GPT,High,9
4162,GPT,GPT,Mid,5
4163,GPT,GPT,Low,3
4164,GPT,GPT,High,17
4165,GPT,GPT,Mid,3
4166,GPT,GPT,Low,2
4167,GPT,GPT,High,10
4168,GPT,GPT,Mid,8
4169,GPT,GPT,Low,2
4170,GPT,GPT,High,15
4171,GPT,GPT,Mid,5
4172,GPT,GPT,Low,0
4173,GPT,GPT,High,14
4174,GPT,GPT,Mid,12
4175,GPT,GPT,Low,5
4176,GPT,GPT,High,16
4177,GPT,GPT,Mid,6
4178,GPT,GPT,Low,2
4179,GPT,GPT,High,21
4180,GPT,GPT,Mid,6
4181,GPT,GPT,Low,5
4182,GPT,GPT,High,12
4183,GPT,GPT,Mid,3
4184,GPT,GPT,Low,3
4185,GPT,GPT,High,9
4186,GPT,GPT,Mid,6
4187,GPT,GPT,Low,0
4188,GPT,GPT,High,13
4189,GPT,GPT,Mid,10
4190,GPT,GPT,Low,3
4191,GPT,GPT,High,9
4192,GPT,GPT,Mid,5
4193,GPT,GPT,Low,4
4194,GPT,GPT,High,11
4195,GPT,GPT,Mid,10
4196,GPT,GPT,Low,3
4197,GPT,GPT,High,14
4198,GPT,GPT,Mid,6
4199,GPT,GPT,Low,3
4200,GPT,GPT,High,18
4201,GPT,GPT,Mid,5
4202,GPT,GPT,Low,3
4203,GPT,GPT,High,20
4204,GPT,GPT,Mid,7
4205,GPT,GPT,Low,3
4206,GPT,GPT,High,13
4207,GPT,GPT,Mid,4
4208,GPT,GPT,Low,1
4209,GPT,GPT,High,9
4210,GPT,GPT,Mid,8
4211,GPT,GPT,Low,3
4212,GPT,GPT,High,19
4213,GPT,GPT,Mid,10
4214,GPT,GPT,Low,4
4215,GPT,GPT,High,8
4216,GPT,GPT,Mid,3
4217,GPT,GPT,Low,3
4218,GPT,GPT,High,19
4219,GPT,GPT,Mid,5
4220,GPT,GPT,Low,2
4221,GPT,GPT,High,9
4222,GPT,GPT,Mid,9
4223,GPT,GPT,Low,4
4224,GPT,GPT,High,12
4225,GPT,GPT,Mid,6
4226,GPT,GPT,Low,1
4227,GPT,GPT,High,13
4228,GPT,GPT,Mid,6
4229,GPT,GPT,Low,4
4230,GPT,GPT,High,15
4231,GPT,GPT,Mid,3
4232,GPT,GPT,Low,2
4233,GPT,GPT,High,6
4234,GPT,GPT,Mid,7
4235,GPT,GPT,Low,6
4236,GPT,GPT,High,18
4237,GPT,GPT,Mid,8
4238,GPT,GPT,Low,2
4239,GPT,GPT,High,12
4240,GPT,GPT,Mid,6
4241,GPT,GPT,Low,4
4242,GPT,GPT,High,23
4243,GPT,GPT,Mid,6
4244,GPT,GPT,Low,3
4245,GPT,GPT,High,14
4246,GPT,GPT,Mid,5
4247,GPT,GPT,Low,3
4248,GPT,GPT,High,18
4249,GPT,GPT,Mid,8
4250,GPT,GPT,Low,2
4251,GPT,GPT,High,17
4252,GPT,GPT,Mid,6
4253,GPT,GPT,Low,3
4254,GPT,GPT,High,16
4255,GPT,GPT,Mid,13
4256,GPT,GPT,Low,1
4257,GPT,GPT,High,13
4258,GPT,GPT,Mid,5
4259,GPT,GPT,Low,2
4260,GPT,GPT,High,20
4261,GPT,GPT,Mid,9
4262,GPT,GPT,Low,3
4263,GPT,GPT,High,6
4264,GPT,GPT,Mid,8
4265,GPT,GPT,Low,3
4266,GPT,GPT,High,13
4267,GPT,GPT,Mid,4
4268,GPT,GPT,Low,3
4269,GPT,GPT,High,19
4270,GPT,GPT,Mid,3
4271,GPT,GPT,Low,7
4272,GPT,GPT,High,21
4273,GPT,GPT,Mid,6
4274,GPT,GPT,Low,4
4275,GPT,GPT,High,13
4276,GPT,GPT,Mid,5
4277,GPT,GPT,Low,6
4278,GPT,GPT,High,9
4279,GPT,GPT,Mid,7
4280,GPT,GPT,Low,7
4281,GPT,GPT,High,14
4282,GPT,GPT,Mid,10
4283,GPT,GPT,Low,6
4284,GPT,GPT,High,5
4285,GPT,GPT,Mid,9
4286,GPT,GPT,Low,2
4287,GPT,GPT,High,21
4288,GPT,GPT,Mid,10
4289,GPT,GPT,Low,2
4290,GPT,GPT,High,16
4291,GPT,GPT,Mid,6
4292,GPT,GPT,Low,2
4293,GPT,GPT,High,23
4294,GPT,GPT,Mid,15
4295,GPT,GPT,Low,5
4296,GPT,GPT,High,20
4297,GPT,GPT,Mid,11
4298,GPT,GPT,Low,5
4299,GPT,GPT,High,16
4300,GPT,GPT,Mid,7
4301,GPT,GPT,Low,4
4302,GPT,GPT,High,14
4303,GPT,GPT,Mid,6
4304,GPT,GPT,Low,2
4305,GPT,GPT,High,15
4306,GPT,GPT,Mid,3
4307,GPT,GPT,Low,5
4308,GPT,GPT,High,9
4309,GPT,GPT,Mid,11
4310,GPT,GPT,Low,5
4311,GPT,GPT,High,22
4312,GPT,GPT,Mid,5
4313,GPT,GPT,Low,3
4314,GPT,GPT,High,20
4315,GPT,GPT,Mid,8
4316,GPT,GPT,Low,4
4317,GPT,GPT,High,19
4318,GPT,GPT,Mid,3
4319,GPT,GPT,Low,2
4320,GPT,GPT,High,22
4321,GPT,GPT,Mid,9
4322,GPT,GPT,Low,4
4323,GPT,GPT,High,21
4324,GPT,GPT,Mid,11
4325,GPT,GPT,Low,1
4326,GPT,GPT,High,6
4327,GPT,GPT,Mid,4
4328,GPT,GPT,Low,3
4329,GPT,GPT,High,23
4330,GPT,GPT,Mid,8
4331,GPT,GPT,Low,5
4332,GPT,GPT,High,17
4333,GPT,GPT,Mid,13
4334,GPT,GPT,Low,2
4335,GPT,GPT,High,18
4336,GPT,GPT,Mid,9
4337,GPT,GPT,Low,2
4338,GPT,GPT,High,21
4339,GPT,GPT,Mid,11
4340,GPT,GPT,Low,1
4341,GPT,GPT,High,16
4342,GPT,GPT,Mid,6
4343,GPT,GPT,Low,4
4344,GPT,GPT,High,24
4345,GPT,GPT,Mid,10
4346,GPT,GPT,Low,4
4347,GPT,GPT,High,15
4348,GPT,GPT,Mid,7
4349,GPT,GPT,Low,4
4350,GPT,GPT,High,17
4351,GPT,GPT,Mid,6
4352,GPT,GPT,Low,2
4353,GPT,GPT,High,10
4354,GPT,GPT,Mid,9
4355,GPT,GPT,Low,3
4356,GPT,GPT,High,11
4357,GPT,GPT,Mid,14
4358,GPT,GPT,Low,3
4359,GPT,GPT,High,13
4360,GPT,GPT,Mid,6
4361,GPT,GPT,Low,1
4362,GPT,GPT,High,9
4363,GPT,GPT,Mid,11
4364,GPT,GPT,Low,5
4365,GPT,GPT,High,21
4366,GPT,GPT,Mid,8
4367,GPT,GPT,Low,3
4368,GPT,GPT,High,10
4369,GPT,GPT,Mid,12
4370,GPT,GPT,Low,1
4371,GPT,GPT,High,18
4372,GPT,GPT,Mid,3
4373,GPT,GPT,Low,2
4374,GPT,GPT,High,5
4375,GPT,GPT,Mid,6
4376,GPT,GPT,Low,3
4377,GPT,GPT,High,14
4378,GPT,GPT,Mid,11
4379,GPT,GPT,Low,4
4380,GPT,GPT,High,10
4381,GPT,GPT,Mid,8
4382,GPT,GPT,Low,5
4383,GPT,GPT,High,17
4384,GPT,GPT,Mid,4
4385,GPT,GPT,Low,0
4386,GPT,GPT,High,12
4387,GPT,GPT,Mid,13
4388,GPT,GPT,Low,3
4389,GPT,GPT,High,19
4390,GPT,GPT,Mid,6
4391,GPT,GPT,Low,2
4392,GPT,GPT,High,14
4393,GPT,GPT,Mid,12
4394,GPT,GPT,Low,3
4395,GPT,GPT,High,15
4396,GPT,GPT,Mid,4
4397,GPT,GPT,Low,1
4398,GPT,GPT,High,8
4399,GPT,GPT,Mid,9
4400,GPT,GPT,Low,2
4401,GPT,GPT,High,16
4402,GPT,GPT,Mid,6
4403,GPT,GPT,Low,2
4404,GPT,GPT,High,11
4405,GPT,GPT,Mid,10
4406,GPT,GPT,Low,2
4407,GPT,GPT,High,15
4408,GPT,GPT,Mid,4
4409,GPT,GPT,Low,3
4410,GPT,GPT,High,18
4411,GPT,GPT,Mid,6
4412,GPT,GPT,Low,2
4413,GPT,GPT,High,13
4414,GPT,GPT,Mid,7
4415,GPT,GPT,Low,3
4416,GPT,GPT,High,22
4417,GPT,GPT,Mid,10
4418,GPT,GPT,Low,3
4419,GPT,GPT,High,16
4420,GPT,GPT,Mid,8
4421,GPT,GPT,Low,3
4422,GPT,GPT,High,8
4423,GPT,GPT,Mid,7
4424,GPT,GPT,Low,4
4425,GPT,GPT,High,15
4426,GPT,GPT,Mid,10
4427,GPT,GPT,Low,3
4428,GPT,GPT,High,12
4429,GPT,GPT,Mid,10
4430,GPT,GPT,Low,1
4431,GPT,GPT,High,17
4432,GPT,GPT,Mid,10
4433,GPT,GPT,Low,7
4434,GPT,GPT,High,16
4435,GPT,GPT,Mid,15
4436,GPT,GPT,Low,6
4437,GPT,GPT,High,17
4438,GPT,GPT,Mid,7
4439,GPT,GPT,Low,4
4440,GPT,GPT,High,20
4441,GPT,GPT,Mid,7
4442,GPT,GPT,Low,3
4443,GPT,GPT,High,15
4444,GPT,GPT,Mid,10
4445,GPT,GPT,Low,3
4446,GPT,GPT,High,19
4447,GPT,GPT,Mid,11
4448,GPT,GPT,Low,2
4449,GPT,GPT,High,12
4450,GPT,GPT,Mid,7
4451,GPT,GPT,Low,2
4452,GPT,GPT,High,6
4453,GPT,GPT,Mid,12
4454,GPT,GPT,Low,3
4455,GPT,GPT,High,19
4456,GPT,GPT,Mid,7
4457,GPT,GPT,Low,2
4458,GPT,GPT,High,12
4459,GPT,GPT,Mid,5
4460,GPT,GPT,Low,5
4461,GPT,GPT,High,12
4462,GPT,GPT,Mid,6
4463,GPT,GPT,Low,1
4464,GPT,GPT,High,8
4465,GPT,GPT,Mid,8
4466,GPT,GPT,Low,1
4467,GPT,GPT,High,13
4468,GPT,GPT,Mid,13
4469,GPT,GPT,Low,2
4470,GPT,GPT,High,13
4471,GPT,GPT,Mid,11
4472,GPT,GPT,Low,3
4473,GPT,GPT,High,18
4474,GPT,GPT,Mid,8
4475,GPT,GPT,Low,4
4476,GPT,GPT,High,12
4477,GPT,GPT,Mid,8
4478,GPT,GPT,Low,2
4479,GPT,GPT,High,7
4480,GPT,GPT,Mid,5
4481,GPT,GPT,Low,2
4482,GPT,GPT,High,16
4483,GPT,GPT,Mid,12
4484,GPT,GPT,Low,2
4485,GPT,GPT,High,9
4486,GPT,GPT,Mid,4
4487,GPT,GPT,Low,2
4488,GPT,GPT,High,18
4489,GPT,GPT,Mid,7
4490,GPT,GPT,Low,2
4491,GPT,GPT,High,15
4492,GPT,GPT,Mid,10
4493,GPT,GPT,Low,2
4494,GPT,GPT,High,12
4495,GPT,GPT,Mid,11
4496,GPT,GPT,Low,2
4497,GPT,GPT,High,19
4498,GPT,GPT,Mid,9
4499,GPT,GPT,Low,1
4500,GPT,GPT,High,12
4501,GPT,GPT,Mid,15
4502,GPT,GPT,Low,4
4503,GPT,GPT,High,5
4504,GPT,GPT,Mid,9
4505,GPT,GPT,Low,1
4506,GPT,GPT,High,19
4507,GPT,GPT,Mid,6
4508,GPT,GPT,Low,2
4509,GPT,GPT,High,17
4510,GPT,GPT,Mid,8
4511,GPT,GPT,Low,1
4512,GPT,GPT,High,7
4513,GPT,GPT,Mid,5
4514,GPT,GPT,Low,4
4515,GPT,GPT,High,23
4516,GPT,GPT,Mid,8
4517,GPT,GPT,Low,8
4518,GPT,GPT,High,8
4519,GPT,GPT,Mid,7
4520,GPT,GPT,Low,1
4521,GPT,GPT,High,18
4522,GPT,GPT,Mid,7
4523,GPT,GPT,Low,3
4524,GPT,GPT,High,12
4525,GPT,GPT,Mid,11
4526,GPT,GPT,Low,2
4527,GPT,GPT,High,11
4528,GPT,GPT,Mid,9
4529,GPT,GPT,Low,2
4530,GPT,GPT,High,12
4531,GPT,GPT,Mid,4
4532,GPT,GPT,Low,4
4533,GPT,GPT,High,25
4534,GPT,GPT,Mid,8
4535,GPT,GPT,Low,2
4536,GPT,GPT,High,14
4537,GPT,GPT,Mid,5
4538,GPT,GPT,Low,4
4539,GPT,GPT,High,15
4540,GPT,GPT,Mid,5
4541,GPT,GPT,Low,4
4542,GPT,GPT,High,7
4543,GPT,GPT,Mid,14
4544,GPT,GPT,Low,5
4545,GPT,GPT,High,12
4546,GPT,GPT,Mid,8
4547,GPT,GPT,Low,3
4548,GPT,GPT,High,12
4549,GPT,GPT,Mid,7
4550,GPT,GPT,Low,4
4551,GPT,GPT,High,10
4552,GPT,GPT,Mid,3
4553,GPT,GPT,Low,1
4554,GPT,GPT,High,11
4555,GPT,GPT,Mid,6
4556,GPT,GPT,Low,4
4557,GPT,GPT,High,14
4558,GPT,GPT,Mid,6
4559,GPT,GPT,Low,3
4560,GPT,GPT,High,11
4561,GPT,GPT,Mid,8
4562,GPT,GPT,Low,1
4563,GPT,GPT,High,16
4564,GPT,GPT,Mid,3
4565,GPT,GPT,Low,4
4566,GPT,GPT,High,9
4567,GPT,GPT,Mid,12
4568,GPT,GPT,Low,5
4569,GPT,GPT,High,20
4570,GPT,GPT,Mid,6
4571,GPT,GPT,Low,2
4572,GPT,GPT,High,11
4573,GPT,GPT,Mid,7
4574,GPT,GPT,Low,4
4575,GPT,GPT,High,15
4576,GPT,GPT,Mid,11
4577,GPT,GPT,Low,6
4578,GPT,GPT,High,10
4579,GPT,GPT,Mid,11
4580,GPT,GPT,Low,4
4581,GPT,GPT,High,13
4582,GPT,GPT,Mid,8
4583,GPT,GPT,Low,2
4584,GPT,GPT,High,4
4585,GPT,GPT,Mid,7
4586,GPT,GPT,Low,4
4587,GPT,GPT,High,20
4588,GPT,GPT,Mid,7
4589,GPT,GPT,Low,4
4590,GPT,GPT,High,13
4591,GPT,GPT,Mid,11
4592,GPT,GPT,Low,0
4593,GPT,GPT,High,29
4594,GPT,GPT,Mid,9
4595,GPT,GPT,Low,3
4596,GPT,GPT,High,8
4597,GPT,GPT,Mid,9
4598,GPT,GPT,Low,5
4599,GPT,GPT,High,11
4600,GPT,GPT,Mid,13
4601,GPT,GPT,Low,2
4602,GPT,GPT,High,10
4603,GPT,GPT,Mid,7
4604,GPT,GPT,Low,7
4605,GPT,GPT,High,16
4606,GPT,GPT,Mid,6
4607,GPT,GPT,Low,4
4608,GPT,GPT,High,12
4609,GPT,GPT,Mid,9
4610,GPT,GPT,Low,5
4611,GPT,GPT,High,16
4612,GPT,GPT,Mid,6
4613,GPT,GPT,Low,1
4614,GPT,GPT,High,10
4615,GPT,GPT,Mid,16
4616,GPT,GPT,Low,2
4617,GPT,GPT,High,16
4618,GPT,GPT,Mid,7
4619,GPT,GPT,Low,2
4620,GPT,GPT,High,8
4621,GPT,GPT,Mid,6
4622,GPT,GPT,Low,2
4623,GPT,GPT,High,15
4624,GPT,GPT,Mid,3
4625,GPT,GPT,Low,4
4626,GPT,GPT,High,13
4627,GPT,GPT,Mid,8
4628,GPT,GPT,Low,4
4629,GPT,GPT,High,11
4630,GPT,GPT,Mid,6
4631,GPT,GPT,Low,3
4632,GPT,GPT,High,11
4633,GPT,GPT,Mid,12
4634,GPT,GPT,Low,1
4635,GPT,GPT,High,17
4636,GPT,GPT,Mid,10
4637,GPT,GPT,Low,4
4638,GPT,GPT,High,13
4639,GPT,GPT,Mid,9
4640,GPT,GPT,Low,5
4641,GPT,GPT,High,18
4642,GPT,GPT,Mid,4
4643,GPT,GPT,Low,1
4644,GPT,GPT,High,9
4645,GPT,GPT,Mid,9
4646,GPT,GPT,Low,3
4647,GPT,GPT,High,17
4648,GPT,GPT,Mid,5
4649,GPT,GPT,Low,4
4650,GPT,GPT,High,11
4651,GPT,GPT,Mid,14
4652,GPT,GPT,Low,2
4653,GPT,GPT,High,15
4654,GPT,GPT,Mid,9
4655,GPT,GPT,Low,3
4656,GPT,GPT,High,5
4657,GPT,GPT,Mid,16
4658,GPT,GPT,Low,2
4659,GPT,GPT,High,13
4660,GPT,GPT,Mid,9
4661,GPT,GPT,Low,3
4662,GPT,GPT,High,11
4663,GPT,GPT,Mid,10
4664,GPT,GPT,Low,5
4665,GPT,GPT,High,17
4666,GPT,GPT,Mid,9
4667,GPT,GPT,Low,1
4668,GPT,GPT,High,15
4669,GPT,GPT,Mid,10
4670,GPT,GPT,Low,4
4671,GPT,GPT,High,23
4672,GPT,GPT,Mid,6
4673,GPT,GPT,Low,3
4674,GPT,GPT,High,16
4675,GPT,GPT,Mid,6
4676,GPT,GPT,Low,2
4677,GPT,GPT,High,12
4678,GPT,GPT,Mid,11
4679,GPT,GPT,Low,2
4680,GPT,GPT,High,6
4681,GPT,GPT,Mid,6
4682,GPT,GPT,Low,6
4683,GPT,GPT,High,14
4684,GPT,GPT,Mid,12
4685,GPT,GPT,Low,1
4686,GPT,GPT,High,15
4687,GPT,GPT,Mid,7
4688,GPT,GPT,Low,2
4689,GPT,GPT,High,15
4690,GPT,GPT,Mid,11
4691,GPT,GPT,Low,3
4692,GPT,GPT,High,18
4693,GPT,GPT,Mid,11
4694,GPT,GPT,Low,4
4695,GPT,GPT,High,18
4696,GPT,GPT,Mid,8
4697,GPT,GPT,Low,1
4698,GPT,GPT,High,11
4699,GPT,GPT,Mid,10
4700,GPT,GPT,Low,5
4701,GPT,GPT,High,16
4702,GPT,GPT,Mid,10
4703,GPT,GPT,Low,5
4704,GPT,GPT,High,10
4705,GPT,GPT,Mid,8
4706,GPT,GPT,Low,2
4707,GPT,GPT,High,15
4708,GPT,GPT,Mid,15
4709,GPT,GPT,Low,5
4710,GPT,GPT,High,12
4711,GPT,GPT,Mid,16
4712,GPT,GPT,Low,3
4713,GPT,GPT,High,9
4714,GPT,GPT,Mid,6
4715,GPT,GPT,Low,7
4716,GPT,GPT,High,8
4717,GPT,GPT,Mid,5
4718,GPT,GPT,Low,1
4719,GPT,GPT,High,11
4720,GPT,GPT,Mid,7
4721,GPT,GPT,Low,1
4722,GPT,GPT,High,15
4723,GPT,GPT,Mid,7
4724,GPT,GPT,Low,7
4725,GPT,GPT,High,17
4726,GPT,GPT,Mid,8
4727,GPT,GPT,Low,2
4728,GPT,GPT,High,8
4729,GPT,GPT,Mid,2
4730,GPT,GPT,Low,4
4731,GPT,GPT,High,11
4732,GPT,GPT,Mid,13
4733,GPT,GPT,Low,4
4734,GPT,GPT,High,12
4735,GPT,GPT,Mid,2
4736,GPT,GPT,Low,4
4737,GPT,GPT,High,13
4738,GPT,GPT,Mid,8
4739,GPT,GPT,Low,2
4740,GPT,GPT,High,19
4741,GPT,GPT,Mid,5
4742,GPT,GPT,Low,4
4743,GPT,GPT,High,12
4744,GPT,GPT,Mid,12
4745,GPT,GPT,Low,5
4746,GPT,GPT,High,22
4747,GPT,GPT,Mid,4
4748,GPT,GPT,Low,2
4749,GPT,GPT,High,15
4750,GPT,GPT,Mid,12
4751,GPT,GPT,Low,6
4752,GPT,GPT,High,22
4753,GPT,GPT,Mid,4
4754,GPT,GPT,Low,1
4755,GPT,GPT,High,19
4756,GPT,GPT,Mid,8
4757,GPT,GPT,Low,4
4758,GPT,GPT,High,12
4759,GPT,GPT,Mid,7
4760,GPT,GPT,Low,3
4761,GPT,GPT,High,24
4762,GPT,GPT,Mid,6
4763,GPT,GPT,Low,5
4764,GPT,GPT,High,4
4765,GPT,GPT,Mid,2
4766,GPT,GPT,Low,3
4767,GPT,GPT,High,16
4768,GPT,GPT,Mid,5
4769,GPT,GPT,Low,1
4770,GPT,GPT,High,9
4771,GPT,GPT,Mid,5
4772,GPT,GPT,Low,4
4773,GPT,GPT,High,9
4774,GPT,GPT,Mid,9
4775,GPT,GPT,Low,1
4776,GPT,GPT,High,18
4777,GPT,GPT,Mid,5
4778,GPT,GPT,Low,1
4779,GPT,GPT,High,10
4780,GPT,GPT,Mid,13
4781,GPT,GPT,Low,7
4782,GPT,GPT,High,19
4783,GPT,GPT,Mid,8
4784,GPT,GPT,Low,2
4785,GPT,GPT,High,9
4786,GPT,GPT,Mid,8
4787,GPT,GPT,Low,2
4788,GPT,GPT,High,14
4789,GPT,GPT,Mid,5
4790,GPT,GPT,Low,2
4791,GPT,GPT,High,13
4792,GPT,GPT,Mid,4
4793,GPT,GPT,Low,6
4794,GPT,GPT,High,17
4795,GPT,GPT,Mid,8
4796,GPT,GPT,Low,3
4797,GPT,GPT,High,10
4798,GPT,GPT,Mid,14
4799,GPT,GPT,Low,1
4800,GPT,GPT,High,11
4801,GPT,GPT,Mid,6
4802,GPT,GPT,Low,3
4803,GPT,GPT,High,3
4804,GPT,GPT,Mid,13
4805,GPT,GPT,Low,5
4806,GPT,GPT,High,9
4807,GPT,GPT,Mid,6
4808,GPT,GPT,Low,5
4809,GPT,GPT,High,12
4810,GPT,GPT,Mid,6
4811,GPT,GPT,Low,0
4812,GPT,GPT,High,22
4813,GPT,GPT,Mid,7
4814,GPT,GPT,Low,3
4815,GPT,GPT,High,15
4816,GPT,GPT,Mid,11
4817,GPT,GPT,Low,3
4818,GPT,GPT,High,11
4819,GPT,GPT,Mid,5
4820,GPT,GPT,Low,4
4821,GPT,GPT,High,15
4822,GPT,GPT,Mid,8
4823,GPT,GPT,Low,2
4824,GPT,GPT,High,13
4825,GPT,GPT,Mid,4
4826,GPT,GPT,Low,5
4827,GPT,GPT,High,7
4828,GPT,GPT,Mid,5
4829,GPT,GPT,Low,3
4830,GPT,GPT,High,13
4831,GPT,GPT,Mid,3
4832,GPT,GPT,Low,2
4833,GPT,GPT,High,10
4834,GPT,GPT,Mid,5
4835,GPT,GPT,Low,4
4836,GPT,GPT,High,11
4837,GPT,GPT,Mid,7
4838,GPT,GPT,Low,2
4839,GPT,GPT,High,12
4840,GPT,GPT,Mid,7
4841,GPT,GPT,Low,4
4842,GPT,GPT,High,11
4843,GPT,GPT,Mid,5
4844,GPT,GPT,Low,3
4845,GPT,GPT,High,10
4846,GPT,GPT,Mid,9
4847,GPT,GPT,Low,8
4848,GPT,GPT,High,9
4849,GPT,GPT,Mid,7
4850,GPT,GPT,Low,6
4851,GPT,GPT,High,14
4852,GPT,GPT,Mid,10
4853,GPT,GPT,Low,1
4854,GPT,GPT,High,24
4855,GPT,GPT,Mid,8
4856,GPT,GPT,Low,3
4857,GPT,GPT,High,9
4858,GPT,GPT,Mid,11
4859,GPT,GPT,Low,5
4860,GPT,GPT,High,10
4861,GPT,GPT,Mid,5
4862,GPT,GPT,Low,3
4863,GPT,GPT,High,13
4864,GPT,GPT,Mid,11
4865,GPT,GPT,Low,3
4866,GPT,GPT,High,13
4867,GPT,GPT,Mid,6
4868,GPT,GPT,Low,3
4869,GPT,GPT,High,10
4870,GPT,GPT,Mid,12
4871,GPT,GPT,Low,6
4872,GPT,GPT,High,14
4873,GPT,GPT,Mid,5
4874,GPT,GPT,Low,2
4875,GPT,GPT,High,18
4876,GPT,GPT,Mid,17
4877,GPT,GPT,Low,1
4878,GPT,GPT,High,7
4879,GPT,GPT,Mid,6
4880,GPT,GPT,Low,2
4881,GPT,GPT,High,10
4882,GPT,GPT,Mid,11
4883,GPT,GPT,Low,2
4884,GPT,GPT,High,17
4885,GPT,GPT,Mid,4
4886,GPT,GPT,Low,3
4887,GPT,GPT,High,14
4888,GPT,GPT,Mid,5
4889,GPT,GPT,Low,7
4890,GPT,GPT,High,14
4891,GPT,GPT,Mid,5
4892,GPT,GPT,Low,1
4893,GPT,GPT,High,8
4894,GPT,GPT,Mid,8
4895,GPT,GPT,Low,5
4896,GPT,GPT,High,10
4897,GPT,GPT,Mid,1
4898,GPT,GPT,Low,4
4899,GPT,GPT,High,17
4900,GPT,GPT,Mid,9
4901,GPT,GPT,Low,2
4902,GPT,GPT,High,14
4903,GPT,GPT,Mid,5
4904,GPT,GPT,Low,3
4905,GPT,GPT,High,8
4906,GPT,GPT,Mid,11
4907,GPT,GPT,Low,1
4908,GPT,GPT,High,8
4909,GPT,GPT,Mid,0
4910,GPT,GPT,Low,5
4911,GPT,GPT,High,13
4912,GPT,GPT,Mid,6
4913,GPT,GPT,Low,3
4914,GPT,GPT,High,7
4915,GPT,GPT,Mid,8
4916,GPT,GPT,Low,4
4917,GPT,GPT,High,9
4918,GPT,GPT,Mid,10
4919,GPT,GPT,Low,5
4920,GPT,GPT,High,12
4921,GPT,GPT,Mid,9
4922,GPT,GPT,Low,2
4923,GPT,GPT,High,14
4924,GPT,GPT,Mid,7
4925,GPT,GPT,Low,1
4926,GPT,GPT,High,9
4927,GPT,GPT,Mid,5
4928,GPT,GPT,Low,3
4929,GPT,GPT,High,10
4930,GPT,GPT,Mid,15
4931,GPT,GPT,Low,1
4932,GPT,GPT,High,21
4933,GPT,GPT,Mid,12
4934,GPT,GPT,Low,3
4935,GPT,GPT,High,17
4936,GPT,GPT,Mid,11
4937,GPT,GPT,Low,4
4938,GPT,GPT,High,13
4939,GPT,GPT,Mid,5
4940,GPT,GPT,Low,4
4941,GPT,GPT,High,11
4942,GPT,GPT,Mid,9
4943,GPT,GPT,Low,3
4944,GPT,GPT,High,13
4945,GPT,GPT,Mid,9
4946,GPT,GPT,Low,8
4947,GPT,GPT,High,8
4948,GPT,GPT,Mid,4
4949,GPT,GPT,Low,3
4950,GPT,GPT,High,22
4951,GPT,GPT,Mid,7
4952,GPT,GPT,Low,2
4953,GPT,GPT,High,13
4954,GPT,GPT,Mid,8
4955,GPT,GPT,Low,3
4956,GPT,GPT,High,22
4957,GPT,GPT,Mid,3
4958,GPT,GPT,Low,1
4959,GPT,GPT,High,14
4960,GPT,GPT,Mid,11
4961,GPT,GPT,Low,2
4962,GPT,GPT,High,17
4963,GPT,GPT,Mid,6
4964,GPT,GPT,Low,2
4965,GPT,GPT,High,15
4966,GPT,GPT,Mid,10
4967,GPT,GPT,Low,3
4968,GPT,GPT,High,20
4969,GPT,GPT,Mid,9
4970,GPT,GPT,Low,1
4971,GPT,GPT,High,9
4972,GPT,GPT,Mid,10
4973,GPT,GPT,Low,0
4974,GPT,GPT,High,12
4975,GPT,GPT,Mid,5
4976,GPT,GPT,Low,2
4977,GPT,GPT,High,13
4978,GPT,GPT,Mid,4
4979,GPT,GPT,Low,3
4980,GPT,GPT,High,19
4981,GPT,GPT,Mid,3
4982,GPT,GPT,Low,1
4983,GPT,GPT,High,10
4984,GPT,GPT,Mid,4
4985,GPT,GPT,Low,3
4986,GPT,GPT,High,13
4987,GPT,GPT,Mid,7
4988,GPT,GPT,Low,6
4989,GPT,GPT,High,16
4990,GPT,GPT,Mid,2
4991,GPT,GPT,Low,5
4992,GPT,GPT,High,21
4993,GPT,GPT,Mid,11
4994,GPT,GPT,Low,3
4995,GPT,GPT,High,10
4996,GPT,GPT,Mid,6
4997,GPT,GPT,Low,3
4998,GPT,GPT,High,17
4999,GPT,GPT,Mid,10
5000,GPT,GPT,Low,3
5001,GPT,GPT,High,13
5002,GPT,GPT,Mid,3
5003,GPT,GPT,Low,4
5004,GPT,GPT,High,17
5005,GPT,GPT,Mid,8
5006,GPT,GPT,Low,2
5007,GPT,GPT,High,10
5008,GPT,GPT,Mid,6
5009,GPT,GPT,Low,4
5010,GPT,GPT,High,17
5011,GPT,GPT,Mid,4
5012,GPT,GPT,Low,4
5013,GPT,GPT,High,7
5014,GPT,GPT,Mid,6
5015,GPT,GPT,Low,3
5016,GPT,GPT,High,15
5017,GPT,GPT,Mid,11
5018,GPT,GPT,Low,1
5019,GPT,GPT,High,14
5020,GPT,GPT,Mid,6
5021,GPT,GPT,Low,2
5022,GPT,GPT,High,22
5023,GPT,GPT,Mid,8
5024,GPT,GPT,Low,2
5025,GPT,GPT,High,10
5026,GPT,GPT,Mid,8
5027,GPT,GPT,Low,4
5028,GPT,GPT,High,16
5029,GPT,GPT,Mid,4
5030,GPT,GPT,Low,2
5031,GPT,GPT,High,14
5032,GPT,GPT,Mid,10
5033,GPT,GPT,Low,3
5034,GPT,GPT,High,20
5035,GPT,GPT,Mid,15
5036,GPT,GPT,Low,3
5037,GPT,GPT,High,14
5038,GPT,GPT,Mid,8
5039,GPT,GPT,Low,1
5040,GPT,GPT,High,20
5041,GPT,GPT,Mid,6
5042,GPT,GPT,Low,1
5043,GPT,GPT,High,8
5044,GPT,GPT,Mid,5
5045,GPT,GPT,Low,2
5046,GPT,GPT,High,19
5047,GPT,GPT,Mid,3
5048,GPT,GPT,Low,0
5049,GPT,GPT,High,10
5050,GPT,GPT,Mid,9
5051,GPT,GPT,Low,5
5052,GPT,GPT,High,13
5053,GPT,GPT,Mid,7
5054,GPT,GPT,Low,3
5055,GPT,GPT,High,11
5056,GPT,GPT,Mid,6
5057,GPT,GPT,Low,5
5058,GPT,GPT,High,10
5059,GPT,GPT,Mid,4
5060,GPT,GPT,Low,4
5061,GPT,GPT,High,7
5062,GPT,GPT,Mid,2
5063,GPT,GPT,Low,4
5064,GPT,GPT,High,19
5065,GPT,GPT,Mid,10
5066,GPT,GPT,Low,3
5067,GPT,GPT,High,10
5068,GPT,GPT,Mid,3
5069,GPT,GPT,Low,3
5070,GPT,GPT,High,12
5071,GPT,GPT,Mid,5
5072,GPT,GPT,Low,2
5073,GPT,GPT,High,14
5074,GPT,GPT,Mid,8
5075,GPT,GPT,Low,3
5076,GPT,GPT,High,20
5077,GPT,GPT,Mid,3
5078,GPT,GPT,Low,3
5079,GPT,GPT,High,17
5080,GPT,GPT,Mid,7
5081,GPT,GPT,Low,1
5082,GPT,GPT,High,17
5083,GPT,GPT,Mid,6
5084,GPT,GPT,Low,2
5085,GPT,GPT,High,15
5086,GPT,GPT,Mid,4
5087,GPT,GPT,Low,2
5088,GPT,GPT,High,17
5089,GPT,GPT,Mid,2
5090,GPT,GPT,Low,4
5091,GPT,GPT,High,17
5092,GPT,GPT,Mid,5
5093,GPT,GPT,Low,6
5094,GPT,GPT,High,16
5095,GPT,GPT,Mid,7
5096,GPT,GPT,Low,4
5097,GPT,GPT,High,8
5098,GPT,GPT,Mid,10
5099,GPT,GPT,Low,1
5100,GPT,GPT,High,13
5101,GPT,GPT,Mid,3
5102,GPT,GPT,Low,2
5103,GPT,GPT,High,10
5104,GPT,GPT,Mid,4
5105,GPT,GPT,Low,1
5106,GPT,GPT,High,23
5107,GPT,GPT,Mid,3
5108,GPT,GPT,Low,1
5109,GPT,GPT,High,26
5110,GPT,GPT,Mid,9
5111,GPT,GPT,Low,3
5112,GPT,GPT,High,16
5113,GPT,GPT,Mid,13
5114,GPT,GPT,Low,3
5115,GPT,GPT,High,6
5116,GPT,GPT,Mid,9
5117,GPT,GPT,Low,2
5118,GPT,GPT,High,17
5119,GPT,GPT,Mid,8
5120,GPT,GPT,Low,4
5121,GPT,GPT,High,14
5122,GPT,GPT,Mid,8
5123,GPT,GPT,Low,2
5124,GPT,GPT,High,13
5125,GPT,GPT,Mid,7
5126,GPT,GPT,Low,3
5127,GPT,GPT,High,8
5128,GPT,GPT,Mid,5
5129,GPT,GPT,Low,4
5130,GPT,GPT,High,17
5131,GPT,GPT,Mid,6
5132,GPT,GPT,Low,2
5133,GPT,GPT,High,15
5134,GPT,GPT,Mid,2
5135,GPT,GPT,Low,1
5136,GPT,GPT,High,15
5137,GPT,GPT,Mid,6
5138,GPT,GPT,Low,0
5139,GPT,GPT,High,12
5140,GPT,GPT,Mid,8
5141,GPT,GPT,Low,4
5142,GPT,GPT,High,16
5143,GPT,GPT,Mid,5
5144,GPT,GPT,Low,1
5145,GPT,GPT,High,10
5146,GPT,GPT,Mid,3
5147,GPT,GPT,Low,4
5148,GPT,GPT,High,14
5149,GPT,GPT,Mid,7
5150,GPT,GPT,Low,6
5151,GPT,GPT,High,10
5152,GPT,GPT,Mid,6
5153,GPT,GPT,Low,2
5154,GPT,GPT,High,15
5155,GPT,GPT,Mid,4
5156,GPT,GPT,Low,4
5157,GPT,GPT,High,14
5158,GPT,GPT,Mid,6
5159,GPT,GPT,Low,4
5160,GPT,GPT,High,21
5161,GPT,GPT,Mid,11
5162,GPT,GPT,Low,3
5163,GPT,GPT,High,10
5164,GPT,GPT,Mid,2
5165,GPT,GPT,Low,0
